Jour,Heure,Seconde,Centième,Vitesse,Type Véhicules,Catégorie,Inter-essieux,E2/E3,E3/E4,E4/E5,E5/E6
17/10/22,15:59,51,37,69,VL,1,294,,,,
17/10/22,16:1,22,3,56,VL,1,231,,,,
17/10/22,16:1,35,6,52,VL,1,268,,,,
17/10/22,16:1,39,61,50,2RM,13,153,,,,
17/10/22,16:1,51,5,46,VL,1,258,,,,
17/10/22,16:1,53,6,47,VL,1,256,,,,
17/10/22,16:2,25,24,42,VL,1,269,,,,
17/10/22,16:2,34,29,52,VL,1,268,,,,
17/10/22,16:2,50,19,41,VL,1,256,,,,
17/10/22,16:2,53,34,46,VL,1,232,,,,
17/10/22,16:3,22,69,44,VL,1,191,,,,
17/10/22,16:3,28,17,49,VL,1,257,,,,
17/10/22,16:3,54,26,49,VL,1,231,,,,
17/10/22,16:4,4,16,42,VL,1,243,,,,
17/10/22,16:4,6,28,41,VL,1,257,,,,
17/10/22,16:4,26,53,49,VL,1,269,,,,
17/10/22,16:4,27,60,51,VL,1,284,,,,
17/10/22,16:6,7,22,48,VL,1,256,,,,
17/10/22,16:6,45,6,52,VL,1,255,,,,
17/10/22,16:7,0,23,46,VL,1,268,,,,
17/10/22,16:7,12,8,38,VL,1,244,,,,
17/10/22,16:7,15,8,40,VL,1,231,,,,
17/10/22,16:7,48,57,43,VL,1,271,,,,
17/10/22,16:7,50,34,56,VL,1,282,,,,
17/10/22,16:8,18,82,67,VL,1,273,,,,
17/10/22,16:9,28,57,46,VL,1,257,,,,
17/10/22,16:9,30,86,45,VL,1,257,,,,
17/10/22,16:9,36,54,38,VL,1,296,,,,
17/10/22,16:9,39,39,40,VL,1,271,,,,
17/10/22,16:9,41,92,43,VL,1,256,,,,
17/10/22,16:9,43,24,44,VL,1,270,,,,
17/10/22,16:9,45,69,46,VL,1,269,,,,
17/10/22,16:10,15,32,45,VL,1,270,,,,
17/10/22,16:10,25,41,50,VL,1,255,,,,
17/10/22,16:10,37,83,60,VL,1,256,,,,
17/10/22,16:10,42,50,58,VL,1,258,,,,
17/10/22,16:10,47,3,46,VL,1,270,,,,
17/10/22,16:10,54,24,56,VL,1,284,,,,
17/10/22,16:11,41,25,58,VL,1,259,,,,
17/10/22,16:11,54,23,47,VL,1,335,,,,
17/10/22,16:11,57,12,58,VL,1,270,,,,
17/10/22,16:12,0,8,56,VL,1,256,,,,
17/10/22,16:13,10,88,36,VL,1,269,,,,
17/10/22,16:13,41,4,41,VL,1,270,,,,
17/10/22,16:13,56,27,49,VL,1,284,,,,
17/10/22,16:13,58,17,51,VL,1,255,,,,
17/10/22,16:14,37,95,43,VL,1,280,,,,
17/10/22,16:14,39,52,41,VL,1,269,,,,
17/10/22,16:14,43,92,38,VL,1,270,,,,
17/10/22,16:14,48,38,35,VL,1,270,,,,
17/10/22,16:15,6,46,49,VL,1,270,,,,
17/10/22,16:15,8,86,50,VL,1,255,,,,
17/10/22,16:15,25,22,44,VL,1,242,,,,
17/10/22,16:15,44,71,38,VL,1,282,,,,
17/10/22,16:16,12,87,48,VL,1,256,,,,
17/10/22,16:16,59,35,39,VL,1,270,,,,
17/10/22,16:17,23,16,46,VL,1,255,,,,
17/10/22,16:18,1,16,41,VL,1,270,,,,
17/10/22,16:18,23,75,49,VL,1,310,,,,
17/10/22,16:19,3,16,52,VL,1,205,,,,
17/10/22,16:19,30,15,50,VL,1,255,,,,
17/10/22,16:20,12,33,47,VL,1,297,,,,
17/10/22,16:20,38,54,66,VL,1,246,,,,
17/10/22,16:21,38,29,44,VL,1,244,,,,
17/10/22,16:22,7,88,54,VL,1,257,,,,
17/10/22,16:22,11,72,46,VL,1,270,,,,
17/10/22,16:22,41,48,40,VL,1,281,,,,
17/10/22,16:22,50,91,41,VL,1,255,,,,
17/10/22,16:22,54,18,42,VL,1,283,,,,
17/10/22,16:23,37,14,61,VL,1,269,,,,
17/10/22,16:24,16,8,40,VL,1,282,,,,
17/10/22,16:24,20,29,36,VL,1,257,,,,
17/10/22,16:24,21,70,38,VL,1,270,,,,
17/10/22,16:24,51,13,53,VL,1,258,,,,
17/10/22,16:25,4,68,53,VL,1,258,,,,
17/10/22,16:26,5,12,45,VL,1,256,,,,
17/10/22,16:26,8,20,52,VL,1,269,,,,
17/10/22,16:27,0,77,44,VL,1,307,,,,
17/10/22,16:27,24,83,51,VL,1,257,,,,
17/10/22,16:27,27,33,49,VL,1,268,,,,
17/10/22,16:27,29,32,50,VL,1,256,,,,
17/10/22,16:27,59,73,45,VL,1,268,,,,
17/10/22,16:28,27,61,47,VL,1,321,,,,
17/10/22,16:28,53,19,35,VL,1,257,,,,
17/10/22,16:28,54,58,32,VL,1,256,,,,
17/10/22,16:28,59,36,38,VL,1,244,,,,
17/10/22,16:29,42,51,51,VL,1,267,,,,
17/10/22,16:29,45,16,56,VL,1,258,,,,
17/10/22,16:29,53,27,37,VL,1,281,,,,
17/10/22,16:29,55,28,39,VL,1,255,,,,
17/10/22,16:31,39,44,46,VL,1,268,,,,
17/10/22,16:31,53,82,45,VL,1,293,,,,
17/10/22,16:33,17,8,49,VL,1,272,,,,
17/10/22,16:33,40,32,52,VL,1,258,,,,
17/10/22,16:35,23,58,41,VL,1,258,,,,
17/10/22,16:35,25,19,41,VL,1,283,,,,
17/10/22,16:36,8,79,44,VL,1,268,,,,
17/10/22,16:36,26,21,27,V�lo �lectrique,13,102,,,,
17/10/22,16:36,35,10,40,VL,1,243,,,,
17/10/22,16:36,37,49,39,VL,1,256,,,,
17/10/22,16:36,40,47,38,VL,1,230,,,,
17/10/22,16:38,12,99,43,VL,1,271,,,,
17/10/22,16:38,22,78,51,VL,1,334,,,,
17/10/22,16:38,32,59,39,VL,1,257,,,,
17/10/22,16:38,33,76,38,VL,1,258,,,,
17/10/22,16:38,35,24,35,VL,1,257,,,,
17/10/22,16:38,38,50,38,VL,1,268,,,,
17/10/22,16:38,40,55,43,VL,1,257,,,,
17/10/22,16:39,38,76,26,2RM,13,115,,,,
17/10/22,16:39,40,67,43,VL,1,271,,,,
17/10/22,16:41,57,76,43,VL,1,255,,,,
17/10/22,16:41,59,90,42,VL,1,271,,,,
17/10/22,16:42,1,68,42,VL,1,245,,,,
17/10/22,16:42,16,53,34,VL,1,281,,,,
17/10/22,16:42,31,95,42,VL,1,255,,,,
17/10/22,16:42,38,41,43,VL,1,270,,,,
17/10/22,16:43,2,84,53,VL,1,283,,,,
17/10/22,16:43,4,60,51,VL,1,271,,,,
17/10/22,16:43,6,55,49,VL,1,257,,,,
17/10/22,16:43,17,13,50,VL,1,270,,,,
17/10/22,16:43,31,68,39,VL,1,244,,,,
17/10/22,16:43,35,10,46,VL,1,243,,,,
17/10/22,16:43,40,18,63,VL,1,258,,,,
17/10/22,16:43,48,81,30,2RM,13,115,,,,
17/10/22,16:44,5,3,43,VL,1,192,,,,
17/10/22,16:44,53,40,37,VL,1,270,,,,
17/10/22,16:45,23,61,54,VL,1,257,,,,
17/10/22,16:45,26,52,50,2RM,13,140,,,,
17/10/22,16:45,35,5,49,VL,1,231,,,,
17/10/22,16:45,38,66,55,VL,1,258,,,,
17/10/22,16:46,1,73,45,VL,1,242,,,,
17/10/22,16:46,33,44,46,VL,1,256,,,,
17/10/22,16:46,34,66,45,VL,1,256,,,,
17/10/22,16:46,37,18,46,VL,1,283,,,,
17/10/22,16:47,47,96,51,VL,1,257,,,,
17/10/22,16:48,27,4,39,VL,1,255,,,,
17/10/22,16:48,32,35,42,VL,1,243,,,,
17/10/22,16:48,33,39,42,VL,1,256,,,,
17/10/22,16:48,47,16,38,VL,1,270,,,,
17/10/22,16:48,58,6,69,VL,1,269,,,,
17/10/22,16:49,8,87,49,VL,1,257,,,,
17/10/22,16:49,43,3,65,VL,1,270,,,,
17/10/22,16:50,15,41,60,2RM,13,153,,,,
17/10/22,16:50,20,33,51,VL,1,257,,,,
17/10/22,16:51,8,28,50,VL,1,321,,,,
17/10/22,16:51,17,43,50,VL,1,257,,,,
17/10/22,16:51,25,13,50,VL,1,321,,,,
17/10/22,16:51,38,47,46,VL,1,244,,,,
17/10/22,16:51,53,50,55,VL,1,246,,,,
17/10/22,16:52,34,30,41,VL,1,256,,,,
17/10/22,16:52,35,89,40,VL,1,284,,,,
17/10/22,16:52,53,17,51,VL,1,281,,,,
17/10/22,16:53,3,44,45,VL,1,243,,,,
17/10/22,16:53,8,30,42,VL,1,232,,,,
17/10/22,16:53,11,40,43,VL,1,257,,,,
17/10/22,16:53,27,87,58,VL,1,280,,,,
17/10/22,16:53,47,69,52,VL,1,244,,,,
17/10/22,16:53,49,45,52,VL,1,282,,,,
17/10/22,16:54,0,44,42,VL,1,269,,,,
17/10/22,16:54,1,78,42,VL,1,282,,,,
17/10/22,16:54,3,76,45,VL,1,295,,,,
17/10/22,16:54,8,30,42,VL,1,269,,,,
17/10/22,16:54,9,79,38,2RM,13,115,,,,
17/10/22,16:54,11,35,44,VL,1,243,,,,
17/10/22,16:54,13,23,40,VL,1,231,,,,
17/10/22,16:54,49,85,46,VL,2,448,,,,
17/10/22,16:55,10,0,44,VL,1,283,,,,
17/10/22,16:55,48,81,41,VL,1,283,,,,
17/10/22,16:55,50,33,43,VL,1,269,,,,
17/10/22,16:55,52,23,46,VL,1,258,,,,
17/10/22,16:56,23,4,26,VL,1,244,,,,
17/10/22,16:56,24,52,25,VL,1,255,,,,
17/10/22,16:56,27,18,34,VL,1,256,,,,
17/10/22,16:56,46,86,44,VL,1,244,,,,
17/10/22,16:56,59,42,48,VL,1,269,,,,
17/10/22,16:57,1,64,48,VL,1,256,,,,
17/10/22,16:57,3,88,55,VL,1,272,,,,
17/10/22,16:57,37,10,44,VL,1,257,,,,
17/10/22,16:57,42,36,50,VL,1,270,,,,
17/10/22,16:58,40,33,64,VL,1,244,,,,
17/10/22,16:59,1,27,42,VL,1,258,,,,
17/10/22,16:59,3,70,40,VL,1,258,,,,
17/10/22,16:59,5,21,40,VL,1,268,,,,
17/10/22,16:59,6,40,42,VL,1,281,,,,
17/10/22,16:59,14,62,54,VL,1,268,,,,
17/10/22,16:59,18,49,52,VL,1,257,,,,
17/10/22,16:59,27,41,44,VL,1,332,,,,
17/10/22,17:0,0,15,43,VL,1,270,,,,
17/10/22,17:0,1,44,41,VL,1,296,,,,
17/10/22,17:0,3,31,37,VL,1,256,,,,
17/10/22,17:0,29,88,54,VL,1,257,,,,
17/10/22,17:0,39,36,49,VL,1,258,,,,
17/10/22,17:1,12,42,52,VL,1,271,,,,
17/10/22,17:1,33,7,47,VL,1,270,,,,
17/10/22,17:1,38,65,43,VL,1,269,,,,
17/10/22,17:1,40,31,46,2RM,13,155,,,,
17/10/22,17:2,5,86,24,Trottinette,13,89,,,,
17/10/22,17:2,15,95,43,VL,1,256,,,,
17/10/22,17:2,27,84,53,VL,1,256,,,,
17/10/22,17:2,51,48,41,VL,1,232,,,,
17/10/22,17:2,58,88,42,VL,1,257,,,,
17/10/22,17:3,52,19,51,VL,1,254,,,,
17/10/22,17:4,29,34,51,VL,1,255,,,,
17/10/22,17:4,59,65,46,VL,1,257,,,,
17/10/22,17:5,30,5,51,VL,1,294,,,,
17/10/22,17:5,31,33,51,VL,1,245,,,,
17/10/22,17:5,38,27,51,VL,1,244,,,,
17/10/22,17:6,11,16,47,VL,1,271,,,,
17/10/22,17:6,17,88,50,VL,1,257,,,,
17/10/22,17:6,43,73,55,VL,1,270,,,,
17/10/22,17:6,47,98,47,VL,1,243,,,,
17/10/22,17:7,11,40,49,VL,1,268,,,,
17/10/22,17:8,8,84,52,VL,1,256,,,,
17/10/22,17:8,54,55,48,VL,1,321,,,,
17/10/22,17:8,57,66,46,PL,7,296,605,153,,
17/10/22,17:9,7,97,35,VL,1,255,,,,
17/10/22,17:9,17,50,43,VL,1,245,,,,
17/10/22,17:9,26,26,45,VL,1,258,,,,
17/10/22,17:9,33,99,47,VL,1,297,,,,
17/10/22,17:10,10,37,42,VL,1,258,,,,
17/10/22,17:10,16,75,51,VL,1,281,,,,
17/10/22,17:10,19,13,47,VL,1,255,,,,
17/10/22,17:10,24,7,40,VL,1,256,,,,
17/10/22,17:10,29,3,47,2RM,13,128,,,,
17/10/22,17:10,32,27,40,VL,1,281,,,,
17/10/22,17:10,34,21,43,VL,1,268,,,,
17/10/22,17:10,36,20,46,VL,1,270,,,,
17/10/22,17:10,38,16,46,VL,1,257,,,,
17/10/22,17:10,49,28,41,VL,1,271,,,,
17/10/22,17:10,56,87,43,VL,1,257,,,,
17/10/22,17:11,30,39,20,VL,1,255,,,,
17/10/22,17:11,32,27,20,VL,1,192,,,,
17/10/22,17:11,34,4,24,V�lo �lectrique,13,101,,,,
17/10/22,17:11,39,3,40,VL,1,257,,,,
17/10/22,17:11,43,62,50,VL,1,256,,,,
17/10/22,17:11,45,75,44,VL,1,256,,,,
17/10/22,17:12,27,76,45,VL,1,268,,,,
17/10/22,17:12,30,3,44,VL,1,192,,,,
17/10/22,17:12,47,40,46,VL,1,256,,,,
17/10/22,17:12,59,72,47,VL,1,232,,,,
17/10/22,17:13,2,68,52,VL,1,295,,,,
17/10/22,17:13,9,15,52,VL,1,230,,,,
17/10/22,17:13,28,77,54,VL,1,257,,,,
17/10/22,17:13,36,20,48,VL,1,258,,,,
17/10/22,17:13,38,20,49,VL,1,258,,,,
17/10/22,17:13,40,7,49,VL,1,258,,,,
17/10/22,17:14,36,19,56,VL,1,232,,,,
17/10/22,17:14,44,18,53,VL,1,282,,,,
17/10/22,17:14,50,9,50,2RM,13,128,,,,
17/10/22,17:15,32,68,42,VL,1,271,,,,
17/10/22,17:15,33,87,42,VL,1,269,,,,
17/10/22,17:15,41,15,43,VL,1,256,,,,
17/10/22,17:15,44,92,57,VL,1,285,,,,
17/10/22,17:15,55,54,52,VL,1,244,,,,
17/10/22,17:17,0,49,43,VL,1,269,,,,
17/10/22,17:17,21,3,51,VL,1,281,,,,
17/10/22,17:18,9,24,57,VL,1,255,,,,
17/10/22,17:18,10,34,55,VL,1,269,,,,
17/10/22,17:19,7,35,41,VL,1,296,,,,
17/10/22,17:19,18,68,46,VL,1,256,,,,
17/10/22,17:19,23,24,40,VL,1,268,,,,
17/10/22,17:19,24,10,43,VL,1,255,,,,
17/10/22,17:20,5,40,59,VL,1,258,,,,
17/10/22,17:20,49,42,40,VL,1,268,,,,
17/10/22,17:20,51,75,43,VL,1,256,,,,
17/10/22,17:20,56,52,45,VL,1,268,,,,
17/10/22,17:21,4,18,47,VL,1,271,,,,
17/10/22,17:22,35,55,26,2RM,13,115,,,,
17/10/22,17:22,37,52,41,VL,1,296,,,,
17/10/22,17:22,49,9,63,VL,1,271,,,,
17/10/22,17:22,51,56,58,VL,1,272,,,,
17/10/22,17:23,19,92,57,VL,1,258,,,,
17/10/22,17:23,37,30,42,VL,1,256,,,,
17/10/22,17:23,39,66,45,VL,1,191,,,,
17/10/22,17:24,5,34,38,VL,1,270,,,,
17/10/22,17:24,7,1,39,VL,1,243,,,,
17/10/22,17:24,8,69,39,VL,1,243,,,,
17/10/22,17:24,18,48,44,VL,1,255,,,,
17/10/22,17:24,34,87,25,V�lo �lectrique,13,102,,,,
17/10/22,17:24,36,67,38,VL,2,387,,,,
17/10/22,17:24,57,97,40,VL,1,256,,,,
17/10/22,17:25,18,41,43,VL,1,257,,,,
17/10/22,17:25,24,6,44,VL,1,192,,,,
17/10/22,17:25,26,3,30,VL,1,282,,,,
17/10/22,17:25,28,74,39,VL,1,230,,,,
17/10/22,17:25,33,57,41,VL,1,257,,,,
17/10/22,17:26,3,14,39,VL,1,231,,,,
17/10/22,17:26,4,12,38,VL,1,256,,,,
17/10/22,17:26,51,24,40,VL,1,255,,,,
17/10/22,17:27,1,9,74,VL,1,258,,,,
17/10/22,17:27,14,74,43,VL,1,269,,,,
17/10/22,17:27,16,17,40,VL,1,269,,,,
17/10/22,17:27,28,4,56,VL,1,270,,,,
17/10/22,17:27,38,14,29,V�lo �lectrique,13,102,,,,
17/10/22,17:27,47,24,45,VL,1,243,,,,
17/10/22,17:27,52,57,37,VL,1,270,,,,
17/10/22,17:28,8,88,49,VL,1,282,,,,
17/10/22,17:28,27,1,51,VL,1,245,,,,
17/10/22,17:28,30,60,27,VL,1,244,,,,
17/10/22,17:28,50,31,39,VL,1,255,,,,
17/10/22,17:28,58,43,46,VL,1,283,,,,
17/10/22,17:29,1,67,40,VL,1,270,,,,
17/10/22,17:29,11,5,49,VL,1,243,,,,
17/10/22,17:29,43,92,46,VL,1,243,,,,
17/10/22,17:29,45,1,49,VL,1,258,,,,
17/10/22,17:30,15,7,35,VL,1,281,,,,
17/10/22,17:30,49,8,34,VL,1,243,,,,
17/10/22,17:31,4,34,52,VL,1,231,,,,
17/10/22,17:31,12,38,46,VL,1,283,,,,
17/10/22,17:31,44,43,54,VL,1,255,,,,
17/10/22,17:31,49,69,40,VL,1,270,,,,
17/10/22,17:32,34,73,57,VL,1,272,,,,
17/10/22,17:32,45,94,44,VL,1,191,,,,
17/10/22,17:33,12,92,51,VL,1,254,,,,
17/10/22,17:33,14,95,50,VL,1,269,,,,
17/10/22,17:33,17,0,52,VL,1,244,,,,
17/10/22,17:33,20,71,49,VL,1,270,,,,
17/10/22,17:33,24,17,45,VL,1,268,,,,
17/10/22,17:33,50,3,38,VL,1,258,,,,
17/10/22,17:34,15,98,45,VL,1,271,,,,
17/10/22,17:34,29,52,57,VL,1,259,,,,
17/10/22,17:34,34,8,74,VL,1,233,,,,
17/10/22,17:34,46,87,45,VL,1,308,,,,
17/10/22,17:36,4,67,43,VL,1,280,,,,
17/10/22,17:36,7,42,42,VL,1,245,,,,
17/10/22,17:36,33,8,51,VL,1,245,,,,
17/10/22,17:36,38,99,43,VL,1,269,,,,
17/10/22,17:36,49,14,45,VL,1,271,,,,
17/10/22,17:37,1,65,45,VL,1,257,,,,
17/10/22,17:37,16,85,54,VL,1,257,,,,
17/10/22,17:38,18,54,39,VL,1,256,,,,
17/10/22,17:38,42,19,44,VL,1,335,,,,
17/10/22,17:38,57,22,40,VL,1,268,,,,
17/10/22,17:39,52,95,43,VL,1,243,,,,
17/10/22,17:40,4,35,51,VL,1,244,,,,
17/10/22,17:40,14,96,29,2RM,13,115,,,,
17/10/22,17:40,16,58,36,VL,1,257,,,,
17/10/22,17:40,18,9,36,VL,1,269,,,,
17/10/22,17:40,20,11,37,VL,1,242,,,,
17/10/22,17:40,22,60,46,VL,1,232,,,,
17/10/22,17:41,5,28,54,VL,1,242,,,,
17/10/22,17:41,20,13,41,VL,1,231,,,,
17/10/22,17:41,22,90,46,VL,1,269,,,,
17/10/22,17:41,27,25,51,VL,1,258,,,,
17/10/22,17:42,0,77,45,VL,1,243,,,,
17/10/22,17:42,1,97,44,VL,1,282,,,,
17/10/22,17:42,8,55,43,VL,1,243,,,,
17/10/22,17:42,33,81,36,VL,1,269,,,,
17/10/22,17:42,35,4,33,2RM,13,140,,,,
17/10/22,17:42,37,47,38,VL,1,270,,,,
17/10/22,17:42,54,56,47,VL,1,272,,,,
17/10/22,17:43,2,26,51,VL,1,245,,,,
17/10/22,17:43,25,21,55,VL,1,246,,,,
17/10/22,17:43,31,58,60,VL,1,256,,,,
17/10/22,17:44,0,28,47,VL,1,257,,,,
17/10/22,17:44,3,45,44,VL,1,256,,,,
17/10/22,17:45,10,6,56,VL,1,270,,,,
17/10/22,17:45,17,84,61,VL,1,281,,,,
17/10/22,17:45,43,1,46,VL,1,282,,,,
17/10/22,17:45,46,97,43,VL,1,256,,,,
17/10/22,17:46,21,21,53,VL,1,258,,,,
17/10/22,17:47,3,38,46,VL,1,270,,,,
17/10/22,17:47,7,39,60,VL,1,268,,,,
17/10/22,17:47,27,47,49,VL,1,256,,,,
17/10/22,17:47,30,87,48,VL,1,258,,,,
17/10/22,17:48,10,75,46,VL,1,270,,,,
17/10/22,17:48,11,70,46,VL,1,269,,,,
17/10/22,17:48,15,75,53,VL,1,270,,,,
17/10/22,17:48,41,27,26,V�lo �lectrique,13,102,,,,
17/10/22,17:48,43,13,24,VL,1,257,,,,
17/10/22,17:48,54,1,46,VL,1,256,,,,
17/10/22,17:49,13,36,26,V�lo �lectrique,13,102,,,,
17/10/22,17:49,20,28,44,VL,1,256,,,,
17/10/22,17:49,22,57,45,VL,1,256,,,,
17/10/22,17:49,33,13,56,VL,1,268,,,,
17/10/22,17:49,44,35,40,VL,1,268,,,,
17/10/22,17:49,46,97,41,VL,1,271,,,,
17/10/22,17:49,58,14,45,VL,1,268,,,,
17/10/22,17:50,4,39,37,VL,1,256,,,,
17/10/22,17:50,32,2,47,VL,1,271,,,,
17/10/22,17:50,35,74,47,VL,1,257,,,,
17/10/22,17:50,37,11,47,VL,1,284,,,,
17/10/22,17:50,41,67,47,VL,1,257,,,,
17/10/22,17:51,49,32,47,2RM,13,128,,,,
17/10/22,17:51,53,72,52,VL,1,272,,,,
17/10/22,17:52,11,3,58,VL,1,270,,,,
17/10/22,17:52,24,21,47,VL,1,258,,,,
17/10/22,17:52,36,16,58,VL,1,254,,,,
17/10/22,17:52,54,41,49,VL,1,244,,,,
17/10/22,17:53,0,60,63,VL,1,294,,,,
17/10/22,17:53,11,76,28,V�lo �lectrique,13,103,,,,
17/10/22,17:53,34,12,47,VL,1,258,,,,
17/10/22,17:53,46,99,40,VL,1,243,,,,
17/10/22,17:54,22,2,44,VL,1,192,,,,
17/10/22,17:54,38,65,22,V�lo �lectrique,13,102,,,,
17/10/22,17:55,8,13,43,VL,1,232,,,,
17/10/22,17:55,41,91,45,VL,1,269,,,,
17/10/22,17:55,47,8,52,VL,1,295,,,,
17/10/22,17:55,50,36,45,VL,1,283,,,,
17/10/22,17:56,9,54,46,VL,1,268,,,,
17/10/22,17:56,36,72,47,VL,1,256,,,,
17/10/22,17:56,44,87,45,VL,1,269,,,,
17/10/22,17:57,31,89,54,VL,1,268,,,,
17/10/22,17:57,37,62,53,VL,1,269,,,,
17/10/22,17:58,15,25,43,VL,1,191,,,,
17/10/22,17:58,15,75,40,VL,1,192,,,,
17/10/22,17:59,12,61,79,VL,1,257,,,,
17/10/22,18:0,6,96,41,VL,1,282,,,,
17/10/22,18:0,8,29,51,VL,1,257,,,,
17/10/22,18:0,14,16,42,VL,1,256,,,,
17/10/22,18:0,16,46,40,VL,1,281,,,,
17/10/22,18:0,18,39,38,VL,1,257,,,,
17/10/22,18:0,20,2,35,VL,1,191,,,,
17/10/22,18:0,21,59,37,VL,1,269,,,,
17/10/22,18:0,37,42,48,VL,1,257,,,,
17/10/22,18:0,38,84,49,VL,1,258,,,,
17/10/22,18:1,2,28,62,VL,1,270,,,,
17/10/22,18:1,26,59,27,VL,1,243,,,,
17/10/22,18:1,27,86,26,VL,1,269,,,,
17/10/22,18:1,29,92,25,VL,1,294,,,,
17/10/22,18:1,32,82,42,VL,1,257,,,,
17/10/22,18:1,38,68,43,VL,1,270,,,,
17/10/22,18:2,8,20,49,VL,1,230,,,,
17/10/22,18:2,29,93,48,VL,1,242,,,,
17/10/22,18:2,31,38,54,VL,1,268,,,,
17/10/22,18:2,36,0,46,VL,1,257,,,,
17/10/22,18:2,43,27,49,VL,1,257,,,,
17/10/22,18:2,47,46,43,VL,1,268,,,,
17/10/22,18:2,49,23,40,VL,1,268,,,,
17/10/22,18:2,51,81,41,VL,1,258,,,,
17/10/22,18:2,56,61,39,VL,1,257,,,,
17/10/22,18:3,26,0,50,VL,1,281,,,,
17/10/22,18:4,8,64,44,VL,1,268,,,,
17/10/22,18:5,31,26,53,2RM,13,153,,,,
17/10/22,18:5,44,34,48,VL,1,258,,,,
17/10/22,18:5,49,47,51,VL,1,281,,,,
17/10/22,18:5,54,4,43,VL,1,294,,,,
17/10/22,18:6,14,48,63,VL,1,242,,,,
17/10/22,18:6,25,4,48,VL,1,256,,,,
17/10/22,18:6,28,34,44,VL,1,243,,,,
17/10/22,18:6,49,98,41,VL,1,295,,,,
17/10/22,18:6,53,57,49,VL,1,271,,,,
17/10/22,18:6,57,12,43,VL,1,257,,,,
17/10/22,18:7,2,7,45,VL,1,269,,,,
17/10/22,18:8,48,43,47,VL,1,257,,,,
17/10/22,18:9,12,27,56,VL,1,245,,,,
17/10/22,18:9,47,26,49,VL,1,256,,,,
17/10/22,18:9,50,18,45,VL,1,243,,,,
17/10/22,18:9,52,18,46,VL,1,244,,,,
17/10/22,18:9,56,54,47,VL,1,268,,,,
17/10/22,18:9,58,65,47,VL,1,271,,,,
17/10/22,18:10,12,56,43,VL,1,320,,,,
17/10/22,18:10,19,32,42,VL,1,204,,,,
17/10/22,18:10,46,7,29,VL,1,268,,,,
17/10/22,18:10,57,56,44,VL,1,256,,,,
17/10/22,18:11,27,16,48,VL,1,257,,,,
17/10/22,18:11,30,18,46,VL,1,256,,,,
17/10/22,18:12,0,68,44,VL,1,269,,,,
17/10/22,18:12,26,58,46,VL,1,232,,,,
17/10/22,18:12,35,36,44,VL,1,193,,,,
17/10/22,18:12,37,66,35,VL,1,244,,,,
17/10/22,18:12,39,32,35,VL,1,257,,,,
17/10/22,18:12,41,40,40,VL,1,345,,,,
17/10/22,18:13,29,17,41,VL,1,270,,,,
17/10/22,18:13,39,8,39,VL,1,281,,,,
17/10/22,18:14,50,96,28,Trottinette,13,76,,,,
17/10/22,18:15,32,47,55,VL,1,270,,,,
17/10/22,18:15,55,90,44,VL,1,191,,,,
17/10/22,18:16,7,35,46,VL,1,271,,,,
17/10/22,18:16,25,77,41,VL,1,256,,,,
17/10/22,18:16,31,88,51,VL,1,242,,,,
17/10/22,18:16,34,1,51,VL,1,267,,,,
17/10/22,18:16,51,43,39,VL,1,257,,,,
17/10/22,18:17,19,86,46,VL,1,230,,,,
17/10/22,18:17,54,58,45,VL,1,257,,,,
17/10/22,18:18,11,49,41,VL,1,258,,,,
17/10/22,18:18,43,86,23,2RM,13,115,,,,
17/10/22,18:18,45,54,33,VL,1,270,,,,
17/10/22,18:19,9,84,47,2RM,13,128,,,,
17/10/22,18:19,12,63,52,VL,1,310,,,,
17/10/22,18:19,23,77,42,VL,1,231,,,,
17/10/22,18:19,31,10,42,VL,1,269,,,,
17/10/22,18:21,10,52,49,VL,1,268,,,,
17/10/22,18:21,13,51,46,VL,1,257,,,,
17/10/22,18:21,45,35,47,VL,1,243,,,,
17/10/22,18:21,50,19,49,VL,1,295,,,,
17/10/22,18:21,53,48,52,VL,1,243,,,,
17/10/22,18:22,10,83,37,VL,1,256,,,,
17/10/22,18:22,22,85,44,VL,1,283,,,,
17/10/22,18:22,32,16,43,VL,1,269,,,,
17/10/22,18:23,15,24,46,VL,1,245,,,,
17/10/22,18:23,18,21,46,VL,1,243,,,,
17/10/22,18:23,51,93,46,VL,1,230,,,,
17/10/22,18:23,54,11,45,VL,1,256,,,,
17/10/22,18:24,3,17,40,VL,1,242,,,,
17/10/22,18:25,18,61,46,VL,1,283,,,,
17/10/22,18:25,20,9,47,VL,1,256,,,,
17/10/22,18:25,21,7,47,2RM,13,141,,,,
17/10/22,18:25,29,49,48,VL,1,270,,,,
17/10/22,18:26,2,17,51,VL,1,257,,,,
17/10/22,18:26,10,3,47,VL,1,257,,,,
17/10/22,18:26,36,38,45,VL,1,193,,,,
17/10/22,18:26,39,53,24,VL,1,268,,,,
17/10/22,18:26,54,47,53,VL,1,258,,,,
17/10/22,18:26,59,3,44,VL,1,192,,,,
17/10/22,18:27,19,86,47,VL,1,271,,,,
17/10/22,18:27,22,22,49,2RM,13,127,,,,
17/10/22,18:27,29,57,54,VL,1,243,,,,
17/10/22,18:27,37,0,50,VL,1,270,,,,
17/10/22,18:27,42,66,43,VL,1,271,,,,
17/10/22,18:27,48,20,39,VL,1,256,,,,
17/10/22,18:27,50,72,46,VL,1,256,,,,
17/10/22,18:27,56,93,54,VL,1,256,,,,
17/10/22,18:28,1,4,52,VL,1,284,,,,
17/10/22,18:28,29,17,55,VL,1,284,,,,
17/10/22,18:28,45,49,57,VL,1,282,,,,
17/10/22,18:28,53,45,44,VL,1,192,,,,
17/10/22,18:28,57,92,53,VL,1,256,,,,
17/10/22,18:29,9,72,30,V�lo �lectrique,13,102,,,,
17/10/22,18:30,2,79,44,VL,1,192,,,,
17/10/22,18:30,9,29,39,VL,1,283,,,,
17/10/22,18:30,13,79,38,VL,1,284,,,,
17/10/22,18:30,15,79,34,VL,1,270,,,,
17/10/22,18:30,18,42,35,VL,1,320,,,,
17/10/22,18:30,19,92,33,VL,1,256,,,,
17/10/22,18:30,21,62,34,VL,1,270,,,,
17/10/22,18:30,51,48,45,VL,1,245,,,,
17/10/22,18:30,55,45,43,VL,1,268,,,,
17/10/22,18:31,17,12,55,VL,1,258,,,,
17/10/22,18:31,18,9,56,VL,1,258,,,,
17/10/22,18:31,26,21,44,VL,1,243,,,,
17/10/22,18:31,28,44,41,VL,1,243,,,,
17/10/22,18:31,29,86,42,VL,1,255,,,,
17/10/22,18:31,31,12,44,VL,1,270,,,,
17/10/22,18:31,34,3,47,VL,1,272,,,,
17/10/22,18:31,42,4,49,2RM,13,128,,,,
17/10/22,18:31,47,57,51,VL,1,271,,,,
17/10/22,18:32,1,53,57,VL,1,258,,,,
17/10/22,18:32,8,19,49,VL,1,256,,,,
17/10/22,18:32,13,44,39,V�lo �lectrique,13,102,,,,
17/10/22,18:32,15,19,38,VL,1,269,,,,
17/10/22,18:32,27,64,44,VL,1,256,,,,
17/10/22,18:32,28,95,46,VL,1,244,,,,
17/10/22,18:32,34,92,47,VL,1,296,,,,
17/10/22,18:32,47,70,43,VL,1,257,,,,
17/10/22,18:33,56,50,43,2RM,13,153,,,,
17/10/22,18:34,6,80,40,VL,1,269,,,,
17/10/22,18:34,8,67,44,VL,1,256,,,,
17/10/22,18:34,11,56,47,VL,1,257,,,,
17/10/22,18:34,13,8,48,VL,1,245,,,,
17/10/22,18:35,4,97,61,2RM,13,155,,,,
17/10/22,18:35,17,53,42,VL,1,256,,,,
17/10/22,18:35,57,4,44,VL,1,256,,,,
17/10/22,18:36,0,7,49,VL,1,258,,,,
17/10/22,18:36,17,64,55,VL,1,307,,,,
17/10/22,18:36,45,82,44,VL,1,256,,,,
17/10/22,18:36,47,2,44,VL,1,243,,,,
17/10/22,18:36,55,83,51,VL,1,269,,,,
17/10/22,18:37,0,90,44,VL,1,269,,,,
17/10/22,18:37,8,7,48,VL,1,257,,,,
17/10/22,18:37,12,63,49,VL,1,256,,,,
17/10/22,18:37,37,86,60,VL,1,257,,,,
17/10/22,18:37,48,89,44,VL,1,268,,,,
17/10/22,18:37,59,24,44,VL,1,281,,,,
17/10/22,18:38,24,71,61,VL,1,296,,,,
17/10/22,18:38,26,24,27,V�lo �lectrique,13,102,,,,
17/10/22,18:38,26,41,48,2RM,13,141,,,,
17/10/22,18:38,57,76,45,VL,1,257,,,,
17/10/22,18:39,6,8,48,VL,1,245,,,,
17/10/22,18:39,7,75,53,VL,1,295,,,,
17/10/22,18:39,17,52,47,VL,1,282,,,,
17/10/22,18:39,18,79,46,VL,1,256,,,,
17/10/22,18:39,20,42,43,2RM,13,142,,,,
17/10/22,18:39,21,78,47,VL,1,244,,,,
17/10/22,18:39,24,93,45,VL,1,268,,,,
17/10/22,18:40,44,74,57,2RM,13,141,,,,
17/10/22,18:41,4,75,35,VL,1,255,,,,
17/10/22,18:41,8,21,36,VL,1,245,,,,
17/10/22,18:42,12,87,40,VL,1,230,,,,
17/10/22,18:42,14,74,48,VL,1,257,,,,
17/10/22,18:42,22,25,39,VL,1,269,,,,
17/10/22,18:42,38,98,46,VL,1,230,,,,
17/10/22,18:42,48,65,43,VL,1,346,,,,
17/10/22,18:42,53,69,59,VL,1,268,,,,
17/10/22,18:43,3,77,51,VL,1,268,,,,
17/10/22,18:43,10,11,39,VL,1,245,,,,
17/10/22,18:43,14,36,49,VL,1,284,,,,
17/10/22,18:43,20,20,46,VL,1,269,,,,
17/10/22,18:43,23,78,47,VL,1,258,,,,
17/10/22,18:43,30,24,45,VL,1,270,,,,
17/10/22,18:43,32,11,45,VL,1,256,,,,
17/10/22,18:43,56,16,44,VL,1,191,,,,
17/10/22,18:43,57,18,46,VL,1,255,,,,
17/10/22,18:44,47,23,51,VL,1,267,,,,
17/10/22,18:44,52,13,47,VL,1,256,,,,
17/10/22,18:44,53,91,46,VL,1,256,,,,
17/10/22,18:45,3,39,46,VL,1,258,,,,
17/10/22,18:45,29,27,43,VL,1,271,,,,
17/10/22,18:45,32,49,42,VL,1,257,,,,
17/10/22,18:45,38,7,42,VL,1,257,,,,
17/10/22,18:46,1,9,44,VL,1,281,,,,
17/10/22,18:46,2,73,45,VL,1,268,,,,
17/10/22,18:47,7,60,47,VL,1,268,,,,
17/10/22,18:47,17,18,49,VL,1,271,,,,
17/10/22,18:47,18,28,47,VL,1,244,,,,
17/10/22,18:47,21,13,57,VL,1,268,,,,
17/10/22,18:47,56,83,44,VL,1,256,,,,
17/10/22,18:48,4,95,45,VL,1,268,,,,
17/10/22,18:48,49,7,44,VL,1,192,,,,
17/10/22,18:48,57,76,55,VL,1,244,,,,
17/10/22,18:49,8,28,48,VL,1,282,,,,
17/10/22,18:49,32,30,31,VL,1,270,,,,
17/10/22,18:49,34,44,40,VL,1,283,,,,
17/10/22,18:49,36,38,44,VL,1,257,,,,
17/10/22,18:50,51,32,51,VL,1,258,,,,
17/10/22,18:52,13,21,57,VL,1,258,,,,
17/10/22,18:52,24,87,46,VL,1,310,,,,
17/10/22,18:52,59,62,45,VL,1,231,,,,
17/10/22,18:53,0,83,47,VL,1,257,,,,
17/10/22,18:53,10,73,47,VL,1,271,,,,
17/10/22,18:53,20,72,48,VL,1,284,,,,
17/10/22,18:53,24,0,47,VL,1,256,,,,
17/10/22,18:53,39,97,23,VL,1,269,,,,
17/10/22,18:53,56,85,54,VL,1,230,,,,
17/10/22,18:54,4,68,59,VL,1,271,,,,
17/10/22,18:54,8,41,92,VL,1,269,,,,
17/10/22,18:54,32,56,46,VL,1,270,,,,
17/10/22,18:54,39,80,43,VL,1,269,,,,
17/10/22,18:54,42,74,45,VL,1,271,,,,
17/10/22,18:54,46,75,39,VL,1,245,,,,
17/10/22,18:54,49,2,42,VL,1,256,,,,
17/10/22,18:55,15,8,51,VL,1,254,,,,
17/10/22,18:55,20,46,51,VL,1,257,,,,
17/10/22,18:55,22,84,49,VL,1,271,,,,
17/10/22,18:55,25,56,49,VL,1,257,,,,
17/10/22,18:56,52,26,71,VL,1,260,,,,
17/10/22,18:57,46,6,49,VL,1,272,,,,
17/10/22,18:58,16,87,55,VL,1,243,,,,
17/10/22,18:58,25,53,43,VL,1,242,,,,
17/10/22,18:58,32,15,48,VL,1,270,,,,
17/10/22,18:58,49,76,25,VL,1,243,,,,
17/10/22,18:58,57,57,40,VL,1,256,,,,
17/10/22,18:58,59,20,43,VL,1,242,,,,
17/10/22,18:59,3,56,46,VL,1,257,,,,
17/10/22,18:59,21,45,46,VL,1,255,,,,
17/10/22,18:59,23,46,48,VL,1,258,,,,
17/10/22,18:59,26,18,48,VL,1,285,,,,
17/10/22,18:59,28,28,48,VL,1,281,,,,
17/10/22,18:59,32,77,46,VL,1,243,,,,
17/10/22,18:59,36,17,46,VL,1,268,,,,
17/10/22,18:59,43,64,38,VL,1,230,,,,
17/10/22,18:59,44,54,37,VL,1,281,,,,
17/10/22,19:0,12,32,43,VL,1,257,,,,
17/10/22,19:0,28,23,41,VL,1,258,,,,
17/10/22,19:0,39,25,60,2RM,13,126,,,,
17/10/22,19:0,45,7,61,VL,1,255,,,,
17/10/22,19:1,0,62,42,VL,1,243,,,,
17/10/22,19:1,1,52,42,VL,1,243,,,,
17/10/22,19:2,3,73,48,VL,1,245,,,,
17/10/22,19:2,4,77,45,VL,1,281,,,,
17/10/22,19:2,11,43,50,VL,1,269,,,,
17/10/22,19:3,10,99,53,VL,1,270,,,,
17/10/22,19:3,12,91,59,VL,1,257,,,,
17/10/22,19:4,5,95,46,VL,1,269,,,,
17/10/22,19:4,32,57,91,2RM,13,153,,,,
17/10/22,19:4,38,73,41,VL,1,257,,,,
17/10/22,19:5,6,61,43,VL,1,268,,,,
17/10/22,19:5,37,7,53,VL,1,255,,,,
17/10/22,19:5,53,33,37,VL,1,269,,,,
17/10/22,19:5,55,35,37,VL,1,269,,,,
17/10/22,19:7,49,71,49,VL,1,258,,,,
17/10/22,19:8,16,5,35,VL,1,282,,,,
17/10/22,19:8,48,41,50,VL,1,256,,,,
17/10/22,19:8,58,41,46,VL,1,232,,,,
17/10/22,19:9,18,45,44,VL,1,192,,,,
17/10/22,19:9,31,21,31,VL,1,244,,,,
17/10/22,19:9,56,28,45,VL,1,243,,,,
17/10/22,19:11,27,50,46,VL,1,257,,,,
17/10/22,19:11,59,92,44,VL,1,256,,,,
17/10/22,19:12,2,29,46,VL,1,230,,,,
17/10/22,19:12,5,78,48,VL,1,244,,,,
17/10/22,19:12,19,65,43,VL,1,219,,,,
17/10/22,19:12,32,7,45,VL,1,271,,,,
17/10/22,19:12,36,17,45,VL,1,270,,,,
17/10/22,19:12,41,1,46,VL,1,257,,,,
17/10/22,19:13,20,70,46,VL,1,270,,,,
17/10/22,19:13,23,26,45,VL,1,282,,,,
17/10/22,19:13,24,65,46,VL,1,270,,,,
17/10/22,19:14,39,57,47,VL,1,282,,,,
17/10/22,19:14,43,86,45,VL,1,270,,,,
17/10/22,19:14,47,50,42,VL,1,257,,,,
17/10/22,19:15,25,83,45,VL,1,231,,,,
17/10/22,19:15,27,72,45,VL,1,281,,,,
17/10/22,19:15,44,68,42,2RM,13,115,,,,
17/10/22,19:15,55,31,36,VL,1,269,,,,
17/10/22,19:15,58,41,39,VL,1,269,,,,
17/10/22,19:16,44,64,42,VL,1,270,,,,
17/10/22,19:16,46,13,42,VL,1,256,,,,
17/10/22,19:17,7,68,51,VL,1,281,,,,
17/10/22,19:17,17,56,40,VL,1,268,,,,
17/10/22,19:17,23,64,40,VL,1,258,,,,
17/10/22,19:19,34,54,46,VL,1,245,,,,
17/10/22,19:19,36,14,48,VL,1,257,,,,
17/10/22,19:19,38,90,47,VL,1,256,,,,
17/10/22,19:19,44,10,37,VL,1,257,,,,
17/10/22,19:19,51,66,37,VL,1,270,,,,
17/10/22,19:20,28,11,56,VL,1,258,,,,
17/10/22,19:20,43,61,55,VL,1,258,,,,
17/10/22,19:20,46,91,51,VL,1,258,,,,
17/10/22,19:21,22,11,42,VL,1,244,,,,
17/10/22,19:21,52,59,43,VL,1,268,,,,
17/10/22,19:22,6,12,45,VL,1,269,,,,
17/10/22,19:22,33,52,51,VL,1,269,,,,
17/10/22,19:23,28,17,52,VL,1,230,,,,
17/10/22,19:24,25,51,50,VL,1,243,,,,
17/10/22,19:24,28,20,52,VL,1,258,,,,
17/10/22,19:24,37,29,32,V�lo �lectrique,13,102,,,,
17/10/22,19:24,38,19,29,VL,1,256,,,,
17/10/22,19:24,39,35,28,VL,1,269,,,,
17/10/22,19:25,11,2,40,VL,1,268,,,,
17/10/22,19:25,34,36,59,VL,1,258,,,,
17/10/22,19:25,37,51,52,VL,1,269,,,,
17/10/22,19:25,45,17,38,VL,1,243,,,,
17/10/22,19:25,47,34,43,VL,1,232,,,,
17/10/22,19:26,33,29,52,VL,1,281,,,,
17/10/22,19:27,33,39,50,VL,1,245,,,,
17/10/22,19:27,45,84,49,VL,1,256,,,,
17/10/22,19:27,50,17,46,VL,1,270,,,,
17/10/22,19:28,7,55,62,VL,1,245,,,,
17/10/22,19:28,10,27,56,VL,1,258,,,,
17/10/22,19:30,6,81,59,VL,1,257,,,,
17/10/22,19:30,36,38,40,VL,1,255,,,,
17/10/22,19:30,38,56,40,VL,1,242,,,,
17/10/22,19:31,9,0,58,VL,1,258,,,,
17/10/22,19:31,23,0,53,VL,1,258,,,,
17/10/22,19:31,48,46,46,VL,1,257,,,,
17/10/22,19:32,49,2,51,VL,1,267,,,,
17/10/22,19:33,25,67,55,VL,1,284,,,,
17/10/22,19:33,59,24,48,VL,1,285,,,,
17/10/22,19:34,1,54,45,VL,1,257,,,,
17/10/22,19:34,9,63,51,VL,1,258,,,,
17/10/22,19:34,42,6,57,VL,1,269,,,,
17/10/22,19:34,43,48,56,VL,1,257,,,,
17/10/22,19:34,55,89,55,VL,1,246,,,,
17/10/22,19:35,22,4,41,VL,1,294,,,,
17/10/22,19:35,24,48,43,VL,1,284,,,,
17/10/22,19:35,26,41,39,VL,1,256,,,,
17/10/22,19:35,27,51,39,VL,1,270,,,,
17/10/22,19:35,29,71,48,2RM,13,128,,,,
17/10/22,19:35,31,30,50,VL,1,295,,,,
17/10/22,19:36,9,61,43,VL,1,255,,,,
17/10/22,19:37,34,17,48,VL,1,270,,,,
17/10/22,19:37,36,42,49,VL,1,258,,,,
17/10/22,19:37,44,33,46,VL,1,219,,,,
17/10/22,19:37,47,32,45,VL,1,270,,,,
17/10/22,19:38,41,21,44,VL,1,255,,,,
17/10/22,19:38,46,6,44,VL,1,270,,,,
17/10/22,19:39,5,31,46,VL,1,256,,,,
17/10/22,19:40,23,25,47,VL,1,244,,,,
17/10/22,19:40,26,36,45,VL,1,270,,,,
17/10/22,19:40,29,48,45,VL,1,258,,,,
17/10/22,19:41,48,24,88,2RM,13,142,,,,
17/10/22,19:43,16,91,55,VL,1,281,,,,
17/10/22,19:44,1,27,58,VL,1,258,,,,
17/10/22,19:44,52,4,43,VL,1,270,,,,
17/10/22,19:44,56,12,40,VL,1,256,,,,
17/10/22,19:45,25,57,44,VL,1,230,,,,
17/10/22,19:45,28,66,43,VL,1,242,,,,
17/10/22,19:45,31,62,43,VL,1,269,,,,
17/10/22,19:45,32,61,47,VL,1,256,,,,
17/10/22,19:45,34,44,44,VL,1,270,,,,
17/10/22,19:45,39,92,46,VL,1,270,,,,
17/10/22,19:45,54,40,50,VL,1,257,,,,
17/10/22,19:46,40,50,46,VL,1,358,,,,
17/10/22,19:46,56,9,25,Trottinette,13,89,,,,
17/10/22,19:47,57,80,25,VL,1,270,,,,
17/10/22,19:48,19,18,59,VL,1,242,,,,
17/10/22,19:48,54,77,41,VL,1,269,,,,
17/10/22,19:48,58,77,40,VL,1,258,,,,
17/10/22,19:49,56,20,48,VL,1,284,,,,
17/10/22,19:50,6,82,46,VL,1,230,,,,
17/10/22,19:50,13,45,45,VL,1,256,,,,
17/10/22,19:50,26,57,45,VL,1,270,,,,
17/10/22,19:50,28,24,47,VL,1,256,,,,
17/10/22,19:50,29,38,52,VL,1,269,,,,
17/10/22,19:50,48,39,45,2RM,13,115,,,,
17/10/22,19:50,49,45,46,VL,1,270,,,,
17/10/22,19:51,16,28,28,V�lo �lectrique,13,102,,,,
17/10/22,19:51,18,88,35,VL,1,282,,,,
17/10/22,19:51,26,53,57,VL,1,272,,,,
17/10/22,19:52,53,15,63,VL,1,268,,,,
17/10/22,19:53,7,37,38,VL,1,256,,,,
17/10/22,19:53,8,62,39,VL,1,270,,,,
17/10/22,19:53,37,12,55,VL,1,244,,,,
17/10/22,19:53,39,1,51,VL,1,281,,,,
17/10/22,19:54,10,0,45,VL,1,258,,,,
17/10/22,19:54,12,63,46,VL,1,270,,,,
17/10/22,19:54,15,59,60,VL,1,256,,,,
17/10/22,19:54,18,71,49,VL,1,243,,,,
17/10/22,19:56,25,88,47,VL,1,272,,,,
17/10/22,19:56,28,41,43,VL,1,244,,,,
17/10/22,19:56,35,98,52,VL,1,244,,,,
17/10/22,19:57,9,75,51,VL,1,231,,,,
17/10/22,19:58,33,19,39,VL,1,244,,,,
17/10/22,19:59,27,12,45,VL,1,193,,,,
17/10/22,20:1,26,35,39,VL,1,230,,,,
17/10/22,20:1,27,85,40,VL,1,257,,,,
17/10/22,20:1,46,36,48,VL,1,282,,,,
17/10/22,20:1,53,74,53,VL,1,282,,,,
17/10/22,20:2,26,63,41,VL,1,245,,,,
17/10/22,20:3,25,77,49,VL,1,270,,,,
17/10/22,20:4,17,36,44,VL,1,268,,,,
17/10/22,20:4,34,53,45,VL,1,256,,,,
17/10/22,20:4,37,54,44,VL,1,243,,,,
17/10/22,20:4,39,24,47,VL,1,256,,,,
17/10/22,20:4,40,63,45,VL,1,245,,,,
17/10/22,20:4,50,8,59,VL,1,244,,,,
17/10/22,20:5,2,13,34,VL,1,258,,,,
17/10/22,20:6,35,86,36,VL,1,244,,,,
17/10/22,20:7,40,32,64,VL,1,244,,,,
17/10/22,20:7,51,90,53,VL,1,269,,,,
17/10/22,20:7,53,67,52,VL,1,257,,,,
17/10/22,20:9,17,92,48,VL,1,245,,,,
17/10/22,20:9,43,53,50,VL,1,294,,,,
17/10/22,20:11,13,28,49,VL,1,245,,,,
17/10/22,20:11,20,99,45,VL,1,230,,,,
17/10/22,20:11,55,24,53,VL,1,258,,,,
17/10/22,20:12,23,51,44,VL,1,191,,,,
17/10/22,20:12,24,86,40,VL,1,256,,,,
17/10/22,20:13,11,61,46,VL,1,270,,,,
17/10/22,20:13,47,30,52,VL,1,257,,,,
17/10/22,20:14,21,15,42,VL,1,256,,,,
17/10/22,20:15,37,35,33,VL,1,270,,,,
17/10/22,20:15,43,26,42,VL,1,256,,,,
17/10/22,20:15,46,18,46,VL,1,257,,,,
17/10/22,20:15,47,22,44,VL,1,256,,,,
17/10/22,20:16,51,92,46,VL,1,255,,,,
17/10/22,20:16,53,73,48,VL,1,334,,,,
17/10/22,20:16,56,11,42,VL,1,268,,,,
17/10/22,20:18,41,46,50,VL,1,255,,,,
17/10/22,20:19,19,72,35,2RM,13,128,,,,
17/10/22,20:19,39,19,41,VL,1,258,,,,
17/10/22,20:20,48,31,39,VL,1,282,,,,
17/10/22,20:20,50,2,40,VL,1,256,,,,
17/10/22,20:21,3,93,47,VL,1,271,,,,
17/10/22,20:21,12,32,41,VL,1,270,,,,
17/10/22,20:21,14,28,41,VL,1,283,,,,
17/10/22,20:21,32,94,60,VL,12,281,306,,,
17/10/22,20:22,6,28,45,VL,1,269,,,,
17/10/22,20:24,20,13,22,2RM,13,115,,,,
17/10/22,20:26,1,90,48,VL,1,271,,,,
17/10/22,20:26,10,14,49,VL,1,282,,,,
17/10/22,20:26,11,71,47,VL,1,258,,,,
17/10/22,20:26,16,0,48,2RM,13,153,,,,
17/10/22,20:26,53,3,36,VL,1,281,,,,
17/10/22,20:26,55,28,43,VL,1,269,,,,
17/10/22,20:27,33,29,62,VL,1,268,,,,
17/10/22,20:28,10,44,49,VL,1,256,,,,
17/10/22,20:29,5,17,53,VL,1,256,,,,
17/10/22,20:29,17,29,42,VL,1,256,,,,
17/10/22,20:29,54,68,43,VL,1,271,,,,
17/10/22,20:30,11,46,45,VL,1,257,,,,
17/10/22,20:30,22,94,52,VL,2,401,,,,
17/10/22,20:31,19,79,42,VL,1,283,,,,
17/10/22,20:31,55,33,56,VL,1,323,,,,
17/10/22,20:33,23,15,41,VL,1,320,,,,
17/10/22,20:35,12,3,49,VL,1,271,,,,
17/10/22,20:35,33,36,51,VL,1,256,,,,
17/10/22,20:35,39,27,39,VL,1,282,,,,
17/10/22,20:36,55,55,46,VL,1,269,,,,
17/10/22,20:37,22,59,53,VL,1,308,,,,
17/10/22,20:37,33,57,44,VL,1,258,,,,
17/10/22,20:38,10,50,42,VL,1,294,,,,
17/10/22,20:40,7,53,68,VL,1,271,,,,
17/10/22,20:40,23,98,48,VL,1,257,,,,
17/10/22,20:40,25,91,50,VL,1,270,,,,
17/10/22,20:40,57,0,28,VL,1,257,,,,
17/10/22,20:40,59,87,44,VL,1,192,,,,
17/10/22,20:42,40,14,48,VL,1,258,,,,
17/10/22,20:42,43,68,46,VL,1,268,,,,
17/10/22,20:43,13,84,54,VL,1,269,,,,
17/10/22,20:44,9,0,51,VL,1,267,,,,
17/10/22,20:45,36,19,41,VL,1,257,,,,
17/10/22,20:48,30,28,37,VL,1,256,,,,
17/10/22,20:49,32,24,44,VL,1,192,,,,
17/10/22,20:50,24,31,57,VL,1,298,,,,
17/10/22,20:51,55,93,35,VL,1,269,,,,
17/10/22,20:52,37,42,44,VL,1,256,,,,
17/10/22,20:52,53,22,54,VL,1,243,,,,
17/10/22,20:52,56,89,54,VL,1,257,,,,
17/10/22,20:55,13,64,43,VL,1,269,,,,
17/10/22,20:56,56,95,49,VL,1,244,,,,
17/10/22,20:57,50,40,75,VL,1,285,,,,
17/10/22,20:58,22,44,45,VL,1,256,,,,
17/10/22,21:0,17,77,38,VL,1,258,,,,
17/10/22,21:1,59,11,55,VL,1,244,,,,
17/10/22,21:3,48,12,29,V�lo �lectrique,13,102,,,,
17/10/22,21:3,53,96,44,VL,1,269,,,,
17/10/22,21:7,13,73,44,VL,1,191,,,,
17/10/22,21:10,15,13,53,VL,1,308,,,,
17/10/22,21:11,19,2,51,VL,1,358,,,,
17/10/22,21:11,51,81,55,VL,1,244,,,,
17/10/22,21:12,20,76,51,VL,1,255,,,,
17/10/22,21:12,26,26,47,VL,1,297,,,,
17/10/22,21:12,27,32,47,VL,1,269,,,,
17/10/22,21:15,3,34,49,VL,1,245,,,,
17/10/22,21:15,39,36,60,VL,1,270,,,,
17/10/22,21:15,42,8,49,VL,1,258,,,,
17/10/22,21:17,16,25,55,VL,1,245,,,,
17/10/22,21:18,8,84,39,VL,1,256,,,,
17/10/22,21:18,43,46,70,VL,1,245,,,,
17/10/22,21:20,48,87,60,VL,1,259,,,,
17/10/22,21:22,26,12,47,VL,1,257,,,,
17/10/22,21:23,14,63,53,2RM,13,128,,,,
17/10/22,21:26,15,19,68,VL,1,281,,,,
17/10/22,21:30,17,65,51,VL,1,258,,,,
17/10/22,21:31,9,85,50,VL,1,256,,,,
17/10/22,21:32,21,85,56,VL,1,257,,,,
17/10/22,21:32,23,79,54,VL,1,243,,,,
17/10/22,21:33,53,2,49,VL,1,244,,,,
17/10/22,21:34,54,48,52,VL,1,258,,,,
17/10/22,21:37,31,11,62,VL,1,256,,,,
17/10/22,21:41,21,23,47,2RM,13,129,,,,
17/10/22,21:43,12,67,67,PL,2,450,,,,
17/10/22,21:45,7,97,31,VL,1,269,,,,
17/10/22,21:50,27,59,47,VL,1,256,,,,
17/10/22,21:52,23,6,49,VL,1,257,,,,
17/10/22,21:54,35,30,47,2RM,13,128,,,,
17/10/22,21:59,26,77,48,VL,1,270,,,,
17/10/22,22:4,21,27,49,VL,1,257,,,,
17/10/22,22:19,26,67,46,VL,1,256,,,,
17/10/22,22:20,45,45,39,VL,1,308,,,,
17/10/22,22:24,21,11,60,VL,1,259,,,,
17/10/22,22:24,50,78,52,VL,1,282,,,,
17/10/22,22:27,29,25,47,VL,2,413,,,,
17/10/22,22:27,31,77,44,VL,1,269,,,,
17/10/22,22:28,55,38,51,VL,1,192,,,,
17/10/22,22:29,32,27,54,VL,1,257,,,,
17/10/22,22:30,30,68,40,VL,1,256,,,,
17/10/22,22:33,25,51,50,VL,1,256,,,,
17/10/22,22:34,10,97,33,VL,1,256,,,,
17/10/22,22:34,32,29,46,VL,1,255,,,,
17/10/22,22:34,34,61,41,VL,1,270,,,,
17/10/22,22:36,32,54,43,VL,1,268,,,,
17/10/22,22:37,26,99,45,VL,1,270,,,,
17/10/22,22:39,27,99,51,VL,1,231,,,,
17/10/22,22:42,41,64,41,VL,1,244,,,,
17/10/22,22:42,56,84,71,VL,1,260,,,,
17/10/22,22:43,30,28,42,VL,1,269,,,,
17/10/22,22:44,16,74,60,VL,1,245,,,,
17/10/22,22:45,20,87,61,VL,1,258,,,,
17/10/22,22:51,25,94,42,VL,1,243,,,,
17/10/22,22:54,32,66,50,VL,1,308,,,,
17/10/22,22:56,35,80,46,VL,1,255,,,,
17/10/22,22:57,52,3,37,VL,1,283,,,,
17/10/22,23:2,39,79,60,VL,1,257,,,,
17/10/22,23:2,47,15,62,VL,1,245,,,,
17/10/22,23:17,17,17,50,VL,1,245,,,,
17/10/22,23:25,25,38,40,VL,1,269,,,,
17/10/22,23:32,34,52,43,VL,1,270,,,,
17/10/22,23:44,9,3,40,VL,1,256,,,,
17/10/22,23:46,34,98,47,VL,1,257,,,,
17/10/22,23:52,24,72,52,VL,1,243,,,,
17/10/22,23:59,28,83,42,2RM,13,129,,,,
18/10/22,0:3,29,63,46,VL,1,245,,,,
18/10/22,0:17,10,0,36,VL,1,269,,,,
18/10/22,0:21,58,16,52,VL,1,295,,,,
18/10/22,0:38,32,68,47,VL,1,270,,,,
18/10/22,0:50,40,34,56,VL,1,268,,,,
18/10/22,0:56,4,84,39,VL,1,334,,,,
18/10/22,0:56,37,62,63,VL,1,270,,,,
18/10/22,1:35,11,74,48,VL,1,245,,,,
18/10/22,1:39,36,52,49,VL,1,258,,,,
18/10/22,2:6,32,31,62,VL,1,282,,,,
18/10/22,2:46,44,29,53,VL,1,244,,,,
18/10/22,2:56,46,31,33,VL,1,244,,,,
18/10/22,3:34,55,12,51,VL,1,244,,,,
18/10/22,3:43,40,63,52,VL,1,256,,,,
18/10/22,4:48,44,65,63,VL,1,271,,,,
18/10/22,5:14,28,73,50,2RM,13,127,,,,
18/10/22,5:22,4,59,71,VL,1,260,,,,
18/10/22,5:43,21,89,46,VL,1,193,,,,
18/10/22,5:47,39,25,50,VL,1,257,,,,
18/10/22,5:47,44,90,48,VL,1,270,,,,
18/10/22,6:17,29,68,54,VL,1,257,,,,
18/10/22,6:22,2,4,51,VL,1,269,,,,
18/10/22,6:31,25,74,43,VL,1,270,,,,
18/10/22,6:32,26,98,51,VL,1,258,,,,
18/10/22,6:35,24,82,39,VL,1,268,,,,
18/10/22,6:37,9,32,47,VL,1,243,,,,
18/10/22,6:41,50,36,46,VL,1,255,,,,
18/10/22,6:46,25,37,60,VL,2,385,,,,
18/10/22,6:46,49,11,44,VL,1,256,,,,
18/10/22,6:47,4,79,52,VL,1,256,,,,
18/10/22,6:52,29,22,35,VL,1,255,,,,
18/10/22,6:52,39,78,49,VL,1,258,,,,
18/10/22,6:53,18,96,32,VL,1,334,,,,
18/10/22,6:53,58,21,48,VL,2,398,,,,
18/10/22,6:54,2,4,52,VL,1,257,,,,
18/10/22,6:55,49,56,41,VL,1,271,,,,
18/10/22,6:57,54,16,43,VL,1,244,,,,
18/10/22,7:2,35,20,60,VL,1,346,,,,
18/10/22,7:2,44,10,46,VL,1,323,,,,
18/10/22,7:2,45,10,46,VL,1,271,,,,
18/10/22,7:3,10,60,54,VL,1,271,,,,
18/10/22,7:4,54,69,44,VL,1,244,,,,
18/10/22,7:8,22,99,46,VL,1,192,,,,
18/10/22,7:9,51,32,42,VL,1,256,,,,
18/10/22,7:11,25,56,47,VL,1,255,,,,
18/10/22,7:11,52,98,37,2RM,13,128,,,,
18/10/22,7:14,8,21,24,Trottinette,13,76,,,,
18/10/22,7:14,31,56,53,VL,1,242,,,,
18/10/22,7:15,54,22,38,VL,1,322,,,,
18/10/22,7:16,59,65,43,VL,1,270,,,,
18/10/22,7:17,3,14,47,VL,1,294,,,,
18/10/22,7:17,36,43,41,VL,1,270,,,,
18/10/22,7:17,54,86,50,VL,1,230,,,,
18/10/22,7:18,34,17,48,2RM,13,128,,,,
18/10/22,7:19,39,90,64,VL,1,258,,,,
18/10/22,7:21,25,93,51,VL,1,254,,,,
18/10/22,7:22,0,54,53,VL,1,294,,,,
18/10/22,7:23,51,74,49,2RM,13,127,,,,
18/10/22,7:23,52,59,47,2RM,13,115,,,,
18/10/22,7:24,31,28,48,VL,1,256,,,,
18/10/22,7:24,33,20,49,VL,1,258,,,,
18/10/22,7:24,36,65,46,VL,1,270,,,,
18/10/22,7:25,5,87,44,VL,1,268,,,,
18/10/22,7:27,33,81,47,VL,1,245,,,,
18/10/22,7:28,30,84,45,VL,1,322,,,,
18/10/22,7:28,57,15,62,VL,1,255,,,,
18/10/22,7:29,51,96,37,2RM,13,179,,,,
18/10/22,7:30,42,33,50,VL,1,229,,,,
18/10/22,7:31,42,20,43,VL,1,257,,,,
18/10/22,7:31,43,64,45,VL,1,242,,,,
18/10/22,7:31,46,86,47,VL,1,257,,,,
18/10/22,7:33,31,61,49,VL,1,282,,,,
18/10/22,7:33,34,3,45,VL,1,244,,,,
18/10/22,7:33,35,83,46,VL,1,297,,,,
18/10/22,7:33,40,94,40,VL,1,269,,,,
18/10/22,7:34,40,2,38,VL,1,270,,,,
18/10/22,7:35,1,16,44,VL,1,243,,,,
18/10/22,7:35,3,80,40,VL,1,268,,,,
18/10/22,7:36,26,10,42,VL,1,256,,,,
18/10/22,7:36,30,2,46,VL,1,270,,,,
18/10/22,7:37,43,79,50,VL,1,256,,,,
18/10/22,7:37,45,23,49,VL,1,268,,,,
18/10/22,7:37,46,2,48,VL,1,257,,,,
18/10/22,7:38,19,28,40,VL,1,243,,,,
18/10/22,7:38,20,71,42,VL,1,269,,,,
18/10/22,7:38,24,35,43,VL,1,257,,,,
18/10/22,7:38,30,76,45,VL,1,268,,,,
18/10/22,7:38,49,41,54,VL,1,284,,,,
18/10/22,7:38,52,26,51,VL,1,243,,,,
18/10/22,7:38,53,21,56,VL,1,270,,,,
18/10/22,7:40,14,26,41,VL,1,258,,,,
18/10/22,7:40,48,33,46,VL,1,271,,,,
18/10/22,7:42,7,93,36,VL,1,281,,,,
18/10/22,7:42,8,31,110,VL,1,425,,,,
18/10/22,7:42,10,16,41,VL,1,282,,,,
18/10/22,7:42,40,79,49,VL,1,297,,,,
18/10/22,7:42,44,64,44,VL,1,256,,,,
18/10/22,7:44,4,43,39,VL,1,258,,,,
18/10/22,7:44,8,29,39,VL,1,243,,,,
18/10/22,7:44,10,61,39,VL,1,270,,,,
18/10/22,7:44,22,7,44,VL,1,191,,,,
18/10/22,7:44,46,45,44,VL,1,321,,,,
18/10/22,7:45,11,51,41,VL,1,242,,,,
18/10/22,7:45,48,6,49,VL,1,245,,,,
18/10/22,7:45,52,19,41,VL,1,193,,,,
18/10/22,7:46,31,62,40,VL,1,191,,,,
18/10/22,7:46,33,21,40,VL,1,231,,,,
18/10/22,7:46,41,69,43,VL,1,282,,,,
18/10/22,7:47,2,10,55,VL,1,232,,,,
18/10/22,7:47,2,34,41,VL,1,244,,,,
18/10/22,7:47,44,12,39,VL,1,269,,,,
18/10/22,7:48,10,67,46,2RM,13,115,,,,
18/10/22,7:48,31,19,44,VL,1,358,,,,
18/10/22,7:49,20,77,44,VL,1,255,,,,
18/10/22,7:50,20,96,43,VL,1,192,,,,
18/10/22,7:50,38,52,37,VL,1,256,,,,
18/10/22,7:50,42,96,45,VL,1,270,,,,
18/10/22,7:51,5,94,48,VL,1,270,,,,
18/10/22,7:51,27,65,47,VL,1,270,,,,
18/10/22,7:51,29,30,51,VL,1,256,,,,
18/10/22,7:51,35,26,43,VL,1,257,,,,
18/10/22,7:51,39,46,48,VL,1,230,,,,
18/10/22,7:51,58,68,51,VL,1,267,,,,
18/10/22,7:52,37,12,46,VL,1,270,,,,
18/10/22,7:52,41,46,44,VL,1,255,,,,
18/10/22,7:52,43,90,49,VL,1,271,,,,
18/10/22,7:52,54,40,45,VL,1,270,,,,
18/10/22,7:54,25,29,49,VL,1,308,,,,
18/10/22,7:54,42,4,56,VL,1,281,,,,
18/10/22,7:54,46,66,47,VL,1,284,,,,
18/10/22,7:54,52,60,46,VL,1,294,,,,
18/10/22,7:55,18,62,42,VL,1,269,,,,
18/10/22,7:56,49,52,42,VL,1,270,,,,
18/10/22,7:56,55,95,43,VL,1,243,,,,
18/10/22,7:56,57,98,48,VL,1,270,,,,
18/10/22,7:58,11,48,42,VL,1,256,,,,
18/10/22,7:58,16,77,42,VL,1,257,,,,
18/10/22,7:58,19,65,48,VL,1,270,,,,
18/10/22,7:58,27,87,56,VL,1,268,,,,
18/10/22,7:59,34,18,59,VL,1,308,,,,
18/10/22,7:59,36,60,54,VL,1,281,,,,
18/10/22,7:59,47,66,39,VL,1,269,,,,
18/10/22,7:59,50,30,38,VL,1,307,,,,
18/10/22,7:59,51,20,38,VL,1,270,,,,
18/10/22,7:59,52,58,41,VL,1,306,,,,
18/10/22,7:59,59,27,43,VL,1,269,,,,
18/10/22,8:0,6,10,48,VL,1,258,,,,
18/10/22,8:0,29,80,57,VL,1,272,,,,
18/10/22,8:1,10,73,42,2RM,13,154,,,,
18/10/22,8:1,39,23,45,VL,1,268,,,,
18/10/22,8:1,55,18,43,VL,1,245,,,,
18/10/22,8:1,59,0,40,VL,1,256,,,,
18/10/22,8:2,35,9,45,VL,1,268,,,,
18/10/22,8:2,38,2,47,VL,1,256,,,,
18/10/22,8:2,56,30,110,VL,1,660,,,,
18/10/22,8:3,36,84,47,VL,1,281,,,,
18/10/22,8:4,0,34,42,VL,1,232,,,,
18/10/22,8:4,3,92,42,VL,1,322,,,,
18/10/22,8:4,5,28,39,VL,1,255,,,,
18/10/22,8:4,16,4,49,VL,1,270,,,,
18/10/22,8:4,20,3,47,VL,1,257,,,,
18/10/22,8:4,21,85,54,VL,1,259,,,,
18/10/22,8:5,18,46,60,VL,1,281,,,,
18/10/22,8:6,40,63,51,VL,1,284,,,,
18/10/22,8:6,48,21,45,VL,1,269,,,,
18/10/22,8:8,9,81,47,VL,1,309,,,,
18/10/22,8:8,11,97,48,VL,1,270,,,,
18/10/22,8:8,22,55,46,VL,1,335,,,,
18/10/22,8:8,50,38,48,VL,1,258,,,,
18/10/22,8:9,24,93,46,VL,1,269,,,,
18/10/22,8:10,3,95,51,2RM,13,153,,,,
18/10/22,8:11,37,4,41,VL,1,270,,,,
18/10/22,8:11,56,89,44,VL,1,257,,,,
18/10/22,8:12,12,96,43,VL,1,283,,,,
18/10/22,8:12,20,37,39,VL,1,269,,,,
18/10/22,8:12,23,65,40,VL,1,257,,,,
18/10/22,8:12,34,67,58,VL,1,309,,,,
18/10/22,8:12,51,68,34,VL,1,281,,,,
18/10/22,8:13,41,18,49,VL,1,244,,,,
18/10/22,8:14,0,55,47,VL,2,411,,,,
18/10/22,8:14,12,89,46,VL,1,256,,,,
18/10/22,8:14,20,69,43,VL,1,268,,,,
18/10/22,8:14,50,72,46,VL,1,270,,,,
18/10/22,8:15,4,41,53,PL,2,577,,,,
18/10/22,8:15,27,21,43,VL,1,257,,,,
18/10/22,8:16,34,2,51,VL,1,271,,,,
18/10/22,8:16,38,88,44,VL,1,243,,,,
18/10/22,8:16,39,87,42,2RM,13,154,,,,
18/10/22,8:17,52,7,59,VL,1,258,,,,
18/10/22,8:18,26,91,65,VL,1,320,,,,
18/10/22,8:18,43,49,46,VL,1,270,,,,
18/10/22,8:18,59,83,53,VL,1,271,,,,
18/10/22,8:19,21,61,52,VL,1,269,,,,
18/10/22,8:20,3,44,47,VL,1,257,,,,
18/10/22,8:20,48,47,51,VL,1,254,,,,
18/10/22,8:20,56,37,44,VL,1,255,,,,
18/10/22,8:20,57,61,48,VL,1,270,,,,
18/10/22,8:22,37,31,51,VL,1,267,,,,
18/10/22,8:24,27,65,48,VL,1,256,,,,
18/10/22,8:25,1,68,49,VL,1,297,,,,
18/10/22,8:25,35,85,19,Trottinette,13,76,,,,
18/10/22,8:25,39,1,30,VL,1,268,,,,
18/10/22,8:25,59,75,42,VL,1,243,,,,
18/10/22,8:26,20,16,43,VL,1,268,,,,
18/10/22,8:27,44,8,56,VL,1,271,,,,
18/10/22,8:27,55,88,43,VL,1,230,,,,
18/10/22,8:28,24,38,47,VL,1,281,,,,
18/10/22,8:28,56,18,44,VL,1,270,,,,
18/10/22,8:29,27,6,53,VL,1,258,,,,
18/10/22,8:29,39,68,45,VL,1,258,,,,
18/10/22,8:30,10,77,45,VL,1,257,,,,
18/10/22,8:32,52,91,34,VL,1,348,,,,
18/10/22,8:32,59,44,54,VL,1,243,,,,
18/10/22,8:33,0,54,53,VL,1,270,,,,
18/10/22,8:33,14,70,29,VL,1,256,,,,
18/10/22,8:33,19,72,45,VL,1,271,,,,
18/10/22,8:34,24,94,59,VL,1,268,,,,
18/10/22,8:34,51,85,42,VL,1,319,,,,
18/10/22,8:35,25,28,48,VL,1,270,,,,
18/10/22,8:35,37,65,41,VL,1,322,,,,
18/10/22,8:36,11,83,36,VL,1,243,,,,
18/10/22,8:36,22,66,48,2RM,13,178,,,,
18/10/22,8:37,51,28,62,VL,1,334,,,,
18/10/22,8:38,35,84,43,VL,1,322,,,,
18/10/22,8:38,37,63,42,VL,1,269,,,,
18/10/22,8:38,44,71,38,VL,1,256,,,,
18/10/22,8:38,51,44,43,VL,1,244,,,,
18/10/22,8:39,37,67,41,VL,1,230,,,,
18/10/22,8:39,55,20,38,VL,1,269,,,,
18/10/22,8:39,56,59,38,VL,1,322,,,,
18/10/22,8:39,58,5,37,VL,1,243,,,,
18/10/22,8:39,59,42,38,VL,1,256,,,,
18/10/22,8:40,6,53,51,VL,1,258,,,,
18/10/22,8:40,16,62,29,VL,1,268,,,,
18/10/22,8:40,20,2,49,2RM,13,128,,,,
18/10/22,8:40,28,42,42,VL,1,191,,,,
18/10/22,8:40,42,10,41,VL,1,282,,,,
18/10/22,8:40,43,54,43,VL,1,270,,,,
18/10/22,8:41,14,81,38,VL,1,284,,,,
18/10/22,8:41,19,21,71,PL,2,1052,,,,
18/10/22,8:41,21,83,31,VL,1,268,,,,
18/10/22,8:41,23,44,34,VL,1,256,,,,
18/10/22,8:41,25,87,39,VL,1,255,,,,
18/10/22,8:41,30,54,41,VL,1,268,,,,
18/10/22,8:42,8,17,47,VL,1,257,,,,
18/10/22,8:42,38,75,40,VL,1,269,,,,
18/10/22,8:43,6,84,42,VL,1,194,,,,
18/10/22,8:43,10,77,28,2RM,13,114,,,,
18/10/22,8:43,21,52,48,VL,1,282,,,,
18/10/22,8:43,23,12,37,VL,1,257,,,,
18/10/22,8:43,26,12,48,VL,1,270,,,,
18/10/22,8:43,33,42,44,VL,1,270,,,,
18/10/22,8:43,48,98,46,VL,1,282,,,,
18/10/22,8:44,1,21,39,VL,1,268,,,,
18/10/22,8:44,53,3,42,VL,1,258,,,,
18/10/22,8:44,54,61,44,VL,1,231,,,,
18/10/22,8:45,0,18,43,VL,1,270,,,,
18/10/22,8:45,1,58,43,VL,1,257,,,,
18/10/22,8:46,2,63,38,PL,2,464,,,,
18/10/22,8:46,9,37,42,VL,1,282,,,,
18/10/22,8:46,11,65,46,VL,1,268,,,,
18/10/22,8:46,15,44,45,VL,1,257,,,,
18/10/22,8:46,31,27,43,VL,1,282,,,,
18/10/22,8:46,32,31,43,VL,1,242,,,,
18/10/22,8:47,8,85,43,VL,1,282,,,,
18/10/22,8:47,27,7,47,VL,1,256,,,,
18/10/22,8:47,52,52,49,VL,1,258,,,,
18/10/22,8:48,23,13,48,VL,1,244,,,,
18/10/22,8:49,4,6,56,VL,1,258,,,,
18/10/22,8:49,49,15,43,VL,1,217,,,,
18/10/22,8:50,12,65,46,VL,1,282,,,,
18/10/22,8:50,40,60,41,VL,1,257,,,,
18/10/22,8:50,43,9,45,VL,1,258,,,,
18/10/22,8:51,10,74,40,VL,1,242,,,,
18/10/22,8:51,17,31,46,VL,1,256,,,,
18/10/22,8:51,19,78,46,VL,1,257,,,,
18/10/22,8:51,20,57,47,VL,1,269,,,,
18/10/22,8:51,22,12,45,VL,1,243,,,,
18/10/22,8:51,26,18,45,VL,1,269,,,,
18/10/22,8:51,53,0,45,VL,1,270,,,,
18/10/22,8:51,54,55,43,VL,1,256,,,,
18/10/22,8:51,57,37,42,VL,1,245,,,,
18/10/22,8:52,0,77,46,VL,1,230,,,,
18/10/22,8:52,54,96,49,VL,1,271,,,,
18/10/22,8:54,25,66,43,VL,1,255,,,,
18/10/22,8:54,35,36,44,VL,1,269,,,,
18/10/22,8:54,37,87,43,2RM,13,141,,,,
18/10/22,8:55,28,85,34,VL,1,256,,,,
18/10/22,8:55,59,52,37,VL,1,283,,,,
18/10/22,8:56,4,26,51,VL,1,256,,,,
18/10/22,8:56,5,67,51,VL,1,295,,,,
18/10/22,8:56,9,77,53,VL,1,269,,,,
18/10/22,8:56,16,90,69,2RM,13,140,,,,
18/10/22,8:57,38,90,56,VL,1,257,,,,
18/10/22,8:58,39,66,38,VL,1,268,,,,
18/10/22,8:58,59,65,37,VL,1,245,,,,
18/10/22,9:0,30,1,47,VL,1,296,,,,
18/10/22,9:1,53,27,24,VL,1,294,,,,
18/10/22,9:1,56,29,32,VL,1,269,,,,
18/10/22,9:3,8,21,48,VL,1,282,,,,
18/10/22,9:3,26,23,47,VL,1,232,,,,
18/10/22,9:4,36,51,41,VL,1,281,,,,
18/10/22,9:4,53,12,52,VL,1,268,,,,
18/10/22,9:5,50,78,39,VL,1,282,,,,
18/10/22,9:7,33,33,54,VL,1,296,,,,
18/10/22,9:7,38,83,57,VL,1,245,,,,
18/10/22,9:9,13,99,39,VL,1,269,,,,
18/10/22,9:9,15,21,40,VL,1,256,,,,
18/10/22,9:9,24,8,44,VL,2,386,,,,
18/10/22,9:10,30,58,35,VL,1,255,,,,
18/10/22,9:11,4,85,62,VL,1,306,,,,
18/10/22,9:11,33,53,54,VL,1,257,,,,
18/10/22,9:12,45,9,56,VL,1,281,,,,
18/10/22,9:13,8,64,42,VL,1,257,,,,
18/10/22,9:13,28,78,38,VL,1,258,,,,
18/10/22,9:14,38,26,48,VL,1,271,,,,
18/10/22,9:14,39,52,47,VL,1,281,,,,
18/10/22,9:14,46,19,43,VL,1,257,,,,
18/10/22,9:14,47,40,42,VL,1,232,,,,
18/10/22,9:15,30,13,58,VL,1,269,,,,
18/10/22,9:15,37,10,53,VL,1,242,,,,
18/10/22,9:15,46,71,65,VL,1,258,,,,
18/10/22,9:15,50,7,70,VL,1,268,,,,
18/10/22,9:16,4,38,59,VL,1,296,,,,
18/10/22,9:16,34,85,47,VL,1,257,,,,
18/10/22,9:17,20,10,41,VL,1,270,,,,
18/10/22,9:18,49,63,56,2RM,13,140,,,,
18/10/22,9:19,52,27,43,VL,1,268,,,,
18/10/22,9:20,12,67,38,VL,1,283,,,,
18/10/22,9:20,19,82,43,VL,1,255,,,,
18/10/22,9:20,42,29,46,VL,1,268,,,,
18/10/22,9:21,28,58,44,VL,1,270,,,,
18/10/22,9:21,50,85,49,VL,1,271,,,,
18/10/22,9:22,15,19,55,VL,1,245,,,,
18/10/22,9:22,19,16,59,VL,1,270,,,,
18/10/22,9:22,24,40,50,VL,1,270,,,,
18/10/22,9:23,18,9,39,VL,1,281,,,,
18/10/22,9:23,22,40,44,VL,1,255,,,,
18/10/22,9:23,35,22,46,VL,1,283,,,,
18/10/22,9:23,44,64,44,VL,1,270,,,,
18/10/22,9:23,49,40,55,VL,1,270,,,,
18/10/22,9:23,52,68,49,VL,1,271,,,,
18/10/22,9:24,52,35,26,VL,1,283,,,,
18/10/22,9:24,53,60,25,VL,1,244,,,,
18/10/22,9:26,5,45,61,VL,1,230,,,,
18/10/22,9:28,52,34,56,VL,1,257,,,,
18/10/22,9:29,2,91,46,VL,1,244,,,,
18/10/22,9:29,5,34,44,VL,1,230,,,,
18/10/22,9:29,30,67,45,VL,1,257,,,,
18/10/22,9:29,42,20,39,VL,1,308,,,,
18/10/22,9:31,41,37,50,VL,1,256,,,,
18/10/22,9:32,47,50,48,VL,1,257,,,,
18/10/22,9:33,19,38,48,VL,1,295,,,,
18/10/22,9:34,26,80,44,VL,1,192,,,,
18/10/22,9:34,29,45,38,VL,1,270,,,,
18/10/22,9:34,31,0,44,VL,1,269,,,,
18/10/22,9:34,36,56,44,VL,1,242,,,,
18/10/22,9:34,38,41,44,VL,1,293,,,,
18/10/22,9:35,37,7,40,VL,1,282,,,,
18/10/22,9:35,47,35,46,VL,1,307,,,,
18/10/22,9:37,35,49,43,VL,1,268,,,,
18/10/22,9:37,39,45,39,VL,1,258,,,,
18/10/22,9:38,24,75,45,VL,1,268,,,,
18/10/22,9:40,14,6,51,VL,1,268,,,,
18/10/22,9:40,16,80,52,VL,1,244,,,,
18/10/22,9:41,1,43,49,VL,1,271,,,,
18/10/22,9:42,47,84,50,VL,1,256,,,,
18/10/22,9:43,29,77,53,VL,1,256,,,,
18/10/22,9:46,6,2,43,VL,1,245,,,,
18/10/22,9:46,38,53,53,VL,1,243,,,,
18/10/22,9:47,58,95,49,VL,1,243,,,,
18/10/22,9:48,5,71,50,VL,1,322,,,,
18/10/22,9:48,27,30,38,VL,1,283,,,,
18/10/22,9:48,29,95,42,VL,1,283,,,,
18/10/22,9:50,15,23,47,VL,1,270,,,,
18/10/22,9:51,19,89,49,VL,1,258,,,,
18/10/22,9:52,32,22,45,VL,1,283,,,,
18/10/22,9:53,24,84,51,VL,1,257,,,,
18/10/22,9:54,42,1,28,VL,1,268,,,,
18/10/22,9:54,45,14,38,VL,1,270,,,,
18/10/22,9:55,1,32,46,VL,1,271,,,,
18/10/22,9:55,51,45,61,2RM,13,155,,,,
18/10/22,9:56,8,67,41,VL,1,269,,,,
18/10/22,9:56,36,44,44,VL,1,243,,,,
18/10/22,9:57,22,78,46,VL,1,268,,,,
18/10/22,9:57,57,69,34,VL,1,374,,,,
18/10/22,9:57,59,20,34,VL,1,320,,,,
18/10/22,9:58,0,49,36,VL,1,269,,,,
18/10/22,9:58,19,45,44,VL,1,268,,,,
18/10/22,9:58,21,19,46,VL,1,322,,,,
18/10/22,9:58,41,18,52,VL,1,269,,,,
18/10/22,9:58,52,79,51,VL,1,269,,,,
18/10/22,9:59,50,33,42,VL,1,308,,,,
18/10/22,10:3,35,47,41,VL,1,242,,,,
18/10/22,10:4,42,43,59,VL,1,310,,,,
18/10/22,10:5,21,75,45,VL,1,243,,,,
18/10/22,10:6,3,10,43,VL,1,244,,,,
18/10/22,10:7,5,18,66,VL,1,309,,,,
18/10/22,10:8,14,69,47,VL,1,268,,,,
18/10/22,10:9,21,8,43,VL,1,231,,,,
18/10/22,10:9,44,33,34,VL,1,257,,,,
18/10/22,10:9,59,43,52,VL,1,271,,,,
18/10/22,10:10,45,53,53,VL,1,270,,,,
18/10/22,10:10,47,39,60,VL,1,257,,,,
18/10/22,10:11,20,31,49,VL,1,257,,,,
18/10/22,10:11,26,6,47,VL,1,256,,,,
18/10/22,10:12,14,25,47,VL,1,284,,,,
18/10/22,10:12,17,25,51,VL,1,267,,,,
18/10/22,10:12,47,94,25,V�lo �lectrique,13,102,,,,
18/10/22,10:13,33,1,45,VL,1,335,,,,
18/10/22,10:14,3,32,46,VL,1,255,,,,
18/10/22,10:14,5,49,44,VL,1,256,,,,
18/10/22,10:14,7,78,44,VL,1,269,,,,
18/10/22,10:15,41,59,40,VL,1,268,,,,
18/10/22,10:15,45,52,40,VL,1,257,,,,
18/10/22,10:18,11,89,52,VL,1,271,,,,
