Jour,Heure,Seconde,Centième,Vitesse,Type Véhicule,Catégorie,Inter-essieux,E2/E3,E3/E4,E4/E5,E5/E6
18/10/22,17:1,13,62,59,VL,1,244,,,,
18/10/22,17:1,15,48,56,VL,1,257,,,,
18/10/22,17:1,34,40,40,Bus,2,616,,,,
18/10/22,17:1,39,35,41,Bus articul�,14,552,694,,,
18/10/22,17:1,43,64,36,VL,1,256,,,,
18/10/22,17:1,49,18,39,VL,1,268,,,,
18/10/22,17:1,50,95,38,VL,1,283,,,,
18/10/22,17:1,53,0,39,VL,1,307,,,,
18/10/22,17:1,57,22,43,VL,1,242,,,,
18/10/22,17:2,3,69,46,2RM,13,154,,,,
18/10/22,17:2,57,30,43,VL,1,281,,,,
18/10/22,17:3,19,80,44,VL,1,256,,,,
18/10/22,17:3,21,59,40,VL,1,256,,,,
18/10/22,17:3,26,4,34,VL,1,255,,,,
18/10/22,17:3,28,60,36,VL,1,255,,,,
18/10/22,17:3,47,67,46,VL,1,244,,,,
18/10/22,17:4,8,74,41,VL,1,230,,,,
18/10/22,17:4,10,51,41,VL,1,255,,,,
18/10/22,17:4,13,40,49,2RM,13,128,,,,
18/10/22,17:5,7,66,44,VL,1,371,,,,
18/10/22,17:5,9,45,43,VL,1,271,,,,
18/10/22,17:5,24,13,49,VL,1,257,,,,
18/10/22,17:5,47,70,49,VL,1,258,,,,
18/10/22,17:6,27,93,46,VL,1,269,,,,
18/10/22,17:6,30,24,56,VL,1,268,,,,
18/10/22,17:7,10,86,44,VL,1,258,,,,
18/10/22,17:7,21,26,48,VL,1,269,,,,
18/10/22,17:7,30,25,43,VL,1,280,,,,
18/10/22,17:7,32,86,41,VL,1,244,,,,
18/10/22,17:7,36,56,48,VL,1,244,,,,
18/10/22,17:7,42,19,42,VL,1,255,,,,
18/10/22,17:7,49,46,46,VL,1,268,,,,
18/10/22,17:7,59,44,50,VL,1,256,,,,
18/10/22,17:8,14,25,48,VL,1,257,,,,
18/10/22,17:8,18,31,42,VL,1,257,,,,
18/10/22,17:8,30,21,44,VL,1,269,,,,
18/10/22,17:8,40,11,25,VL,1,282,,,,
18/10/22,17:8,42,25,32,VL,1,256,,,,
18/10/22,17:8,43,90,30,VL,1,255,,,,
18/10/22,17:8,51,6,47,VL,1,255,,,,
18/10/22,17:9,1,25,47,VL,1,255,,,,
18/10/22,17:9,6,57,46,VL,1,244,,,,
18/10/22,17:9,28,3,41,VL,1,191,,,,
18/10/22,17:9,28,74,35,VL,1,257,,,,
18/10/22,17:9,32,33,34,VL,1,231,,,,
18/10/22,17:9,33,41,33,VL,1,271,,,,
18/10/22,17:9,51,11,39,VL,2,438,,,,
18/10/22,17:9,53,66,37,VL,1,242,,,,
18/10/22,17:9,55,27,39,VL,1,243,,,,
18/10/22,17:10,3,25,21,V�lo �lectrique,13,102,,,,
18/10/22,17:10,12,16,54,VL,1,268,,,,
18/10/22,17:10,14,47,50,VL,1,269,,,,
18/10/22,17:10,23,46,36,VL,1,257,,,,
18/10/22,17:10,24,86,35,VL,1,269,,,,
18/10/22,17:10,26,9,34,VL,1,335,,,,
18/10/22,17:10,37,11,35,Bus articul�,14,553,696,,,
18/10/22,17:10,42,48,20,VL,1,294,,,,
18/10/22,17:10,46,29,13,VL,1,294,,,,
18/10/22,17:11,2,75,39,VL,1,270,,,,
18/10/22,17:11,21,7,52,VL,1,283,,,,
18/10/22,17:11,35,56,40,VL,1,192,,,,
18/10/22,17:11,37,64,47,VL,1,255,,,,
18/10/22,17:11,40,81,60,VL,1,256,,,,
18/10/22,17:11,51,35,48,VL,1,244,,,,
18/10/22,17:12,7,25,39,VL,1,258,,,,
18/10/22,17:12,12,52,42,VL,1,284,,,,
18/10/22,17:12,24,96,39,VL,1,268,,,,
18/10/22,17:13,8,10,41,VL,1,282,,,,
18/10/22,17:13,10,60,42,VL,1,256,,,,
18/10/22,17:13,13,98,41,VL,1,268,,,,
18/10/22,17:13,19,48,54,VL,1,245,,,,
18/10/22,17:13,56,78,49,VL,1,271,,,,
18/10/22,17:14,3,54,53,VL,1,257,,,,
18/10/22,17:14,24,91,44,VL,12,296,256,,,
18/10/22,17:14,28,14,43,VL,1,259,,,,
18/10/22,17:14,31,12,44,VL,1,270,,,,
18/10/22,17:14,35,69,39,VL,1,255,,,,
18/10/22,17:14,37,79,40,VL,1,283,,,,
18/10/22,17:14,40,10,44,VL,1,256,,,,
18/10/22,17:14,48,39,45,VL,1,245,,,,
18/10/22,17:15,33,28,50,VL,1,269,,,,
18/10/22,17:15,38,8,44,VL,1,242,,,,
18/10/22,17:15,55,75,44,VL,1,244,,,,
18/10/22,17:16,5,46,38,VL,1,284,,,,
18/10/22,17:16,15,66,45,VL,1,256,,,,
18/10/22,17:16,36,19,43,VL,1,257,,,,
18/10/22,17:16,42,53,46,2RM,13,153,,,,
18/10/22,17:17,7,94,52,VL,1,244,,,,
18/10/22,17:17,15,66,46,VL,1,270,,,,
18/10/22,17:17,18,60,46,VL,1,255,,,,
18/10/22,17:17,22,87,54,VL,1,268,,,,
18/10/22,17:17,24,72,51,VL,1,282,,,,
18/10/22,17:17,35,70,43,VL,1,232,,,,
18/10/22,17:17,37,51,42,VL,1,257,,,,
18/10/22,17:17,44,20,50,VL,1,270,,,,
18/10/22,17:17,45,83,48,VL,1,244,,,,
18/10/22,17:18,0,27,51,VL,1,243,,,,
18/10/22,17:18,7,61,44,VL,1,256,,,,
18/10/22,17:18,11,64,46,VL,1,255,,,,
18/10/22,17:18,15,15,39,VL,1,256,,,,
18/10/22,17:18,16,48,41,VL,1,271,,,,
18/10/22,17:18,19,81,37,VL,1,256,,,,
18/10/22,17:18,31,41,27,VL,1,270,,,,
18/10/22,17:18,55,46,74,VL,1,245,,,,
18/10/22,17:19,10,44,54,VL,1,269,,,,
18/10/22,17:20,19,27,40,VL,1,232,,,,
18/10/22,17:20,22,72,39,VL,1,268,,,,
18/10/22,17:20,27,82,29,VL,1,269,,,,
18/10/22,17:21,10,81,41,Bus,2,605,,,,
18/10/22,17:21,13,19,39,VL,1,256,,,,
18/10/22,17:21,15,22,41,VL,1,270,,,,
18/10/22,17:21,24,19,35,Bus articul�,14,528,696,,,
18/10/22,17:21,26,98,35,VL,1,255,,,,
18/10/22,17:21,29,42,35,VL,1,256,,,,
18/10/22,17:21,31,83,39,VL,1,294,,,,
18/10/22,17:21,35,11,39,VL,1,257,,,,
18/10/22,17:21,37,40,41,VL,1,243,,,,
18/10/22,17:21,52,10,52,VL,1,257,,,,
18/10/22,17:22,11,21,49,VL,1,256,,,,
18/10/22,17:22,22,11,44,VL,1,244,,,,
18/10/22,17:22,36,91,51,VL,1,271,,,,
18/10/22,17:22,49,93,50,VL,1,245,,,,
18/10/22,17:22,56,70,40,VL,1,270,,,,
18/10/22,17:23,7,78,39,VL,1,269,,,,
18/10/22,17:23,10,35,43,VL,1,242,,,,
18/10/22,17:23,18,52,45,VL,1,243,,,,
18/10/22,17:23,19,64,42,VL,1,257,,,,
18/10/22,17:23,29,84,30,VL,1,256,,,,
18/10/22,17:23,32,87,34,VL,1,256,,,,
18/10/22,17:23,34,56,33,VL,1,270,,,,
18/10/22,17:23,43,54,38,VL,1,230,,,,
18/10/22,17:23,57,6,41,VL,1,244,,,,
18/10/22,17:24,7,48,47,VL,1,243,,,,
18/10/22,17:24,10,39,49,VL,1,257,,,,
18/10/22,17:24,12,78,52,VL,1,257,,,,
18/10/22,17:24,21,30,49,VL,1,372,,,,
18/10/22,17:24,24,17,45,VL,1,242,,,,
18/10/22,17:24,27,1,39,VL,1,243,,,,
18/10/22,17:25,6,52,51,VL,1,256,,,,
18/10/22,17:25,15,5,48,VL,1,244,,,,
18/10/22,17:25,25,14,69,VL,1,257,,,,
18/10/22,17:25,42,18,41,VL,1,243,,,,
18/10/22,17:25,43,99,41,VL,1,257,,,,
18/10/22,17:25,50,87,40,VL,1,257,,,,
18/10/22,17:26,0,13,46,VL,1,256,,,,
18/10/22,17:26,4,3,41,VL,1,256,,,,
18/10/22,17:26,7,21,41,VL,1,230,,,,
18/10/22,17:26,15,13,46,VL,1,269,,,,
18/10/22,17:26,16,74,46,VL,1,243,,,,
18/10/22,17:26,36,85,40,VL,1,242,,,,
18/10/22,17:26,38,80,24,V�lo �lectrique,13,102,,,,
18/10/22,17:26,59,53,49,VL,1,270,,,,
18/10/22,17:27,16,37,49,VL,1,258,,,,
18/10/22,17:27,17,97,31,Trottinette,13,89,,,,
18/10/22,17:27,19,14,37,VL,1,257,,,,
18/10/22,17:27,42,5,52,VL,1,272,,,,
18/10/22,17:27,48,10,48,VL,1,258,,,,
18/10/22,17:28,5,29,53,VL,1,269,,,,
18/10/22,17:28,10,11,53,VL,1,244,,,,
18/10/22,17:28,15,99,51,VL,1,269,,,,
18/10/22,17:28,34,74,44,VL,1,268,,,,
18/10/22,17:28,39,63,40,VL,1,268,,,,
18/10/22,17:28,41,23,39,VL,1,244,,,,
18/10/22,17:28,52,60,42,VL,1,307,,,,
18/10/22,17:29,15,5,53,VL,1,269,,,,
18/10/22,17:29,15,98,35,2RM,13,115,,,,
18/10/22,17:29,16,94,50,VL,1,270,,,,
18/10/22,17:29,18,97,46,VL,1,323,,,,
18/10/22,17:29,20,98,42,VL,1,270,,,,
18/10/22,17:29,27,67,64,VL,1,272,,,,
18/10/22,17:29,40,32,38,VL,1,256,,,,
18/10/22,17:29,54,34,37,VL,1,309,,,,
18/10/22,17:30,4,10,42,VL,1,191,,,,
18/10/22,17:30,31,59,41,VL,1,269,,,,
18/10/22,17:30,32,99,41,VL,1,268,,,,
18/10/22,17:30,38,64,44,VL,1,244,,,,
18/10/22,17:30,48,50,38,VL,1,270,,,,
18/10/22,17:30,51,44,42,VL,1,191,,,,
18/10/22,17:30,53,10,36,VL,1,244,,,,
18/10/22,17:31,3,42,42,VL,1,192,,,,
18/10/22,17:31,3,52,40,VL,1,258,,,,
18/10/22,17:31,5,5,44,VL,1,244,,,,
18/10/22,17:31,7,55,32,VL,1,243,,,,
18/10/22,17:31,9,94,34,VL,1,258,,,,
18/10/22,17:31,18,75,43,VL,1,281,,,,
18/10/22,17:31,19,88,49,VL,1,282,,,,
18/10/22,17:31,32,67,39,VL,1,256,,,,
18/10/22,17:31,34,95,40,VL,1,257,,,,
18/10/22,17:31,40,66,43,VL,1,259,,,,
18/10/22,17:31,42,63,45,VL,1,242,,,,
18/10/22,17:31,45,5,41,VL,1,243,,,,
18/10/22,17:31,50,43,39,VL,1,281,,,,
18/10/22,17:31,58,53,43,VL,1,255,,,,
18/10/22,17:32,1,6,47,2RM,13,115,,,,
18/10/22,17:32,9,68,46,VL,1,270,,,,
18/10/22,17:32,29,26,52,VL,1,244,,,,
18/10/22,17:32,31,43,52,VL,1,257,,,,
18/10/22,17:32,43,93,39,VL,1,268,,,,
18/10/22,17:32,48,27,44,VL,1,230,,,,
18/10/22,17:32,58,56,66,VL,1,259,,,,
18/10/22,17:33,25,23,32,Bus articul�,14,553,682,,,
18/10/22,17:33,27,43,29,VL,1,243,,,,
18/10/22,17:33,30,7,28,VL,1,257,,,,
18/10/22,17:33,31,87,26,2RM,13,141,,,,
18/10/22,17:33,35,11,30,VL,1,269,,,,
18/10/22,17:33,39,88,30,V�lo �lectrique,13,102,,,,
18/10/22,17:33,41,72,29,VL,1,256,,,,
18/10/22,17:33,44,61,30,VL,1,256,,,,
18/10/22,17:33,46,71,33,V�lo �lectrique,13,102,,,,
18/10/22,17:33,48,11,27,2RM,13,180,,,,
18/10/22,17:33,50,44,27,VL,1,256,,,,
18/10/22,17:33,56,9,25,VL,1,257,,,,
18/10/22,17:33,57,32,29,VL,1,256,,,,
18/10/22,17:34,5,19,56,VL,1,244,,,,
18/10/22,17:34,15,11,23,2RM,13,115,,,,
18/10/22,17:34,20,64,34,VL,1,257,,,,
18/10/22,17:34,24,4,32,V�lo �lectrique,13,102,,,,
18/10/22,17:34,25,7,41,VL,1,257,,,,
18/10/22,17:34,26,61,40,VL,1,269,,,,
18/10/22,17:34,34,6,84,VL,1,288,,,,
18/10/22,17:35,3,5,43,VL,1,284,,,,
18/10/22,17:35,5,99,48,VL,1,256,,,,
18/10/22,17:35,7,42,46,VL,1,243,,,,
18/10/22,17:35,38,6,36,VL,1,244,,,,
18/10/22,17:35,44,78,46,VL,1,243,,,,
18/10/22,17:35,46,53,48,VL,1,270,,,,
18/10/22,17:36,0,79,21,V�lo �lectrique,13,102,,,,
18/10/22,17:36,2,98,34,VL,1,269,,,,
18/10/22,17:36,4,84,32,VL,1,257,,,,
18/10/22,17:36,7,73,31,VL,1,270,,,,
18/10/22,17:36,11,84,19,Trottinette,13,89,,,,
18/10/22,17:36,19,0,43,VL,1,256,,,,
18/10/22,17:36,34,3,52,VL,1,257,,,,
18/10/22,17:36,50,36,43,VL,1,243,,,,
18/10/22,17:36,54,63,45,VL,1,256,,,,
18/10/22,17:36,55,76,43,VL,1,244,,,,
18/10/22,17:36,59,8,51,VL,1,297,,,,
18/10/22,17:37,1,88,48,VL,1,257,,,,
18/10/22,17:37,5,27,59,VL,1,257,,,,
18/10/22,17:37,16,68,51,VL,1,256,,,,
18/10/22,17:37,25,99,33,VL,1,257,,,,
18/10/22,17:37,27,67,32,VL,1,268,,,,
18/10/22,17:37,31,24,35,VL,1,296,,,,
18/10/22,17:37,44,4,48,VL,1,245,,,,
18/10/22,17:38,9,90,32,VL,1,255,,,,
18/10/22,17:38,12,90,34,VL,1,270,,,,
18/10/22,17:38,14,90,35,VL,1,243,,,,
18/10/22,17:38,16,60,35,VL,1,242,,,,
18/10/22,17:38,36,35,50,VL,1,322,,,,
18/10/22,17:38,46,88,50,VL,1,268,,,,
18/10/22,17:38,54,92,36,Bus articul�,14,564,705,,,
18/10/22,17:38,57,18,28,VL,1,269,,,,
18/10/22,17:38,59,44,26,VL,1,270,,,,
18/10/22,17:38,59,69,110,VL,1,293,,,,
18/10/22,17:39,1,47,25,VL,1,257,,,,
18/10/22,17:39,3,88,30,VL,1,243,,,,
18/10/22,17:39,5,99,26,VL,1,295,,,,
18/10/22,17:39,8,57,27,VL,1,306,,,,
18/10/22,17:39,10,30,26,VL,1,283,,,,
18/10/22,17:39,21,35,32,VL,1,269,,,,
18/10/22,17:39,26,14,33,VL,1,244,,,,
18/10/22,17:40,2,26,31,VL,1,256,,,,
18/10/22,17:40,4,74,32,VL,1,269,,,,
18/10/22,17:40,6,32,28,VL,1,268,,,,
18/10/22,17:40,10,9,37,VL,1,269,,,,
18/10/22,17:40,15,95,41,VL,1,257,,,,
18/10/22,17:40,18,62,44,VL,1,256,,,,
18/10/22,17:40,31,65,42,VL,1,271,,,,
18/10/22,17:40,43,12,42,VL,1,245,,,,
18/10/22,17:40,53,44,47,VL,1,281,,,,
18/10/22,17:41,14,87,57,VL,1,259,,,,
18/10/22,17:41,21,52,46,VL,1,256,,,,
18/10/22,17:41,34,71,42,VL,1,270,,,,
18/10/22,17:41,59,85,18,PL,2,488,,,,
18/10/22,17:42,0,18,18,PL,2,666,,,,
18/10/22,17:42,13,29,44,VL,1,256,,,,
18/10/22,17:42,27,84,42,VL,1,282,,,,
18/10/22,17:42,30,46,42,VL,1,257,,,,
18/10/22,17:42,40,80,46,VL,1,255,,,,
18/10/22,17:42,42,29,43,VL,1,257,,,,
18/10/22,17:42,50,18,47,VL,1,271,,,,
18/10/22,17:42,58,13,51,VL,1,269,,,,
18/10/22,17:43,2,45,48,2RM,13,155,,,,
18/10/22,17:43,5,3,45,VL,1,230,,,,
18/10/22,17:43,7,59,47,VL,1,242,,,,
18/10/22,17:43,30,31,57,VL,1,285,,,,
18/10/22,17:43,46,32,37,Bus,2,588,,,,
18/10/22,17:43,49,28,38,VL,1,257,,,,
18/10/22,17:43,54,46,34,VL,1,243,,,,
18/10/22,17:43,56,81,36,VL,1,268,,,,
18/10/22,17:43,59,61,34,VL,1,257,,,,
18/10/22,17:44,2,42,42,VL,1,269,,,,
18/10/22,17:44,3,74,43,VL,1,268,,,,
18/10/22,17:44,8,11,47,VL,1,269,,,,
18/10/22,17:44,20,56,51,VL,1,254,,,,
18/10/22,17:44,28,17,48,VL,1,257,,,,
18/10/22,17:44,31,85,50,VL,1,243,,,,
18/10/22,17:44,34,13,48,VL,1,244,,,,
18/10/22,17:44,44,85,51,VL,1,256,,,,
18/10/22,17:44,46,82,58,VL,1,254,,,,
18/10/22,17:45,14,88,52,VL,1,244,,,,
18/10/22,17:45,20,64,45,2RM,13,129,,,,
18/10/22,17:45,22,47,41,VL,1,258,,,,
18/10/22,17:45,24,96,41,VL,1,244,,,,
18/10/22,17:45,26,45,44,VL,1,258,,,,
18/10/22,17:45,34,26,35,V�lo �lectrique,13,102,,,,
18/10/22,17:45,40,48,46,VL,1,269,,,,
18/10/22,17:45,43,47,43,VL,1,242,,,,
18/10/22,17:45,45,38,24,Trottinette,13,89,,,,
18/10/22,17:45,50,78,42,VL,1,243,,,,
18/10/22,17:46,7,14,18,V�lo �lectrique,13,102,,,,
18/10/22,17:46,10,26,41,VL,1,256,,,,
18/10/22,17:46,17,12,47,VL,1,244,,,,
18/10/22,17:46,24,75,47,VL,1,257,,,,
18/10/22,17:46,27,16,49,VL,1,272,,,,
18/10/22,17:46,36,85,50,VL,1,270,,,,
18/10/22,17:46,39,39,40,VL,1,256,,,,
18/10/22,17:46,40,82,44,VL,1,257,,,,
18/10/22,17:46,48,89,50,VL,1,268,,,,
18/10/22,17:47,30,92,49,VL,1,282,,,,
18/10/22,17:47,36,6,55,VL,1,258,,,,
18/10/22,17:47,42,25,48,2RM,13,114,,,,
18/10/22,17:47,45,65,41,2RM,13,114,,,,
18/10/22,17:48,9,7,46,2RM,13,141,,,,
18/10/22,17:48,40,75,30,Bus articul�,14,563,678,,,
18/10/22,17:48,43,4,30,VL,1,270,,,,
18/10/22,17:48,45,26,30,VL,1,256,,,,
18/10/22,17:48,47,79,33,VL,1,244,,,,
18/10/22,17:48,50,96,31,VL,1,269,,,,
18/10/22,17:48,52,96,31,VL,1,243,,,,
18/10/22,17:48,54,32,29,VL,1,243,,,,
18/10/22,17:49,3,79,24,PL,4,76,359,256,,
18/10/22,17:49,6,10,25,VL,1,231,,,,
18/10/22,17:49,8,3,29,VL,1,242,,,,
18/10/22,17:49,13,89,41,VL,1,271,,,,
18/10/22,17:49,19,44,23,V�lo �lectrique,13,102,,,,
18/10/22,17:49,32,30,21,VL,1,269,,,,
18/10/22,17:49,33,48,26,VL,1,256,,,,
18/10/22,17:49,36,85,27,VL,1,243,,,,
18/10/22,17:49,39,58,29,VL,1,282,,,,
18/10/22,17:49,41,54,29,VL,1,270,,,,
18/10/22,17:49,43,67,28,VL,1,281,,,,
18/10/22,17:49,57,45,40,VL,1,255,,,,
18/10/22,17:49,59,52,41,VL,1,230,,,,
18/10/22,17:50,5,75,33,VL,1,244,,,,
18/10/22,17:50,22,96,48,VL,1,258,,,,
18/10/22,17:50,32,6,45,VL,1,256,,,,
18/10/22,17:50,33,69,44,2RM,13,128,,,,
18/10/22,17:50,40,25,93,PL,2,3947,,,,
18/10/22,17:50,45,6,39,VL,1,269,,,,
18/10/22,17:50,46,79,37,VL,1,243,,,,
18/10/22,17:50,53,81,35,VL,1,270,,,,
18/10/22,17:50,55,91,40,VL,1,256,,,,
18/10/22,17:50,58,74,39,VL,1,255,,,,
18/10/22,17:50,59,98,39,VL,1,256,,,,
18/10/22,17:51,4,16,40,VL,1,268,,,,
18/10/22,17:51,13,87,57,VL,1,255,,,,
18/10/22,17:51,20,31,63,VL,1,258,,,,
18/10/22,17:51,23,6,30,2RM,13,115,,,,
18/10/22,17:51,33,20,40,VL,1,191,,,,
18/10/22,17:51,37,16,41,VL,1,256,,,,
18/10/22,17:51,38,32,40,VL,1,270,,,,
18/10/22,17:51,53,63,49,VL,1,257,,,,
18/10/22,17:52,8,35,41,VL,1,37,,,,
18/10/22,17:52,8,49,40,VL,1,191,,,,
18/10/22,17:52,10,59,32,VL,1,268,,,,
18/10/22,17:52,12,17,31,VL,1,283,,,,
18/10/22,17:52,14,9,34,VL,1,269,,,,
18/10/22,17:52,16,46,32,VL,1,255,,,,
18/10/22,17:52,19,26,32,VL,1,269,,,,
18/10/22,17:53,7,18,44,VL,2,412,,,,
18/10/22,17:53,9,62,43,VL,1,271,,,,
18/10/22,17:53,11,81,42,VL,1,256,,,,
18/10/22,17:53,13,83,20,V�lo �lectrique,13,102,,,,
18/10/22,17:53,15,51,37,VL,1,242,,,,
18/10/22,17:53,17,31,37,2RM,13,115,,,,
18/10/22,17:53,22,33,38,VL,1,244,,,,
18/10/22,17:53,23,27,38,2RM,13,127,,,,
18/10/22,17:53,38,82,47,VL,1,245,,,,
18/10/22,17:53,40,69,56,VL,1,246,,,,
18/10/22,17:53,47,87,48,VL,1,256,,,,
18/10/22,17:53,49,9,47,VL,1,244,,,,
18/10/22,17:53,51,4,47,VL,1,257,,,,
18/10/22,17:53,54,15,41,VL,1,256,,,,
18/10/22,17:53,55,64,47,VL,1,231,,,,
18/10/22,17:55,2,15,41,VL,1,281,,,,
18/10/22,17:55,4,70,47,VL,1,271,,,,
18/10/22,17:55,9,82,43,VL,1,270,,,,
18/10/22,17:55,18,47,55,VL,1,255,,,,
18/10/22,17:55,20,23,27,V�lo �lectrique,13,102,,,,
18/10/22,17:55,31,42,39,VL,1,257,,,,
18/10/22,17:55,33,17,42,VL,1,243,,,,
18/10/22,17:55,38,46,34,VL,1,269,,,,
18/10/22,17:55,41,33,34,VL,1,258,,,,
18/10/22,17:55,47,11,49,VL,1,245,,,,
18/10/22,17:56,19,74,41,VL,1,231,,,,
18/10/22,17:56,28,12,50,VL,1,269,,,,
18/10/22,17:56,29,75,49,VL,1,268,,,,
18/10/22,17:56,35,33,48,VL,1,256,,,,
18/10/22,17:56,37,10,45,VL,1,257,,,,
18/10/22,17:57,4,86,52,VL,1,243,,,,
18/10/22,17:57,18,57,69,VL,1,244,,,,
18/10/22,17:57,26,10,55,VL,1,258,,,,
18/10/22,17:58,8,15,35,VL,1,269,,,,
18/10/22,17:58,9,94,36,VL,1,269,,,,
18/10/22,17:58,11,65,32,VL,1,256,,,,
18/10/22,17:58,13,54,30,VL,1,244,,,,
18/10/22,17:58,16,53,29,VL,1,230,,,,
18/10/22,17:58,18,43,29,VL,1,269,,,,
18/10/22,17:58,21,64,26,VL,1,283,,,,
18/10/22,17:58,27,68,38,VL,1,232,,,,
18/10/22,17:58,29,64,40,VL,1,256,,,,
18/10/22,17:58,43,58,48,VL,1,257,,,,
18/10/22,17:58,47,48,43,VL,1,231,,,,
18/10/22,17:59,38,26,49,VL,1,270,,,,
18/10/22,17:59,39,73,50,VL,1,257,,,,
18/10/22,17:59,53,50,44,VL,1,244,,,,
18/10/22,18:0,0,1,61,VL,1,306,,,,
18/10/22,18:0,8,41,27,V�lo �lectrique,13,102,,,,
18/10/22,18:1,21,14,26,V�lo �lectrique,13,102,,,,
18/10/22,18:1,21,74,49,VL,1,245,,,,
18/10/22,18:1,27,9,44,VL,1,255,,,,
18/10/22,18:1,29,24,43,VL,1,243,,,,
18/10/22,18:1,31,28,36,VL,1,244,,,,
18/10/22,18:1,34,4,38,VL,1,244,,,,
18/10/22,18:1,37,1,43,VL,1,270,,,,
18/10/22,18:1,38,13,40,VL,1,243,,,,
18/10/22,18:1,40,11,38,VL,1,360,,,,
18/10/22,18:1,52,59,40,Bus articul�,14,539,667,,,
18/10/22,18:2,0,6,40,VL,1,255,,,,
18/10/22,18:2,5,16,27,VL,1,255,,,,
18/10/22,18:2,7,37,26,VL,1,257,,,,
18/10/22,18:2,13,14,33,VL,1,257,,,,
18/10/22,18:2,16,68,38,VL,1,269,,,,
18/10/22,18:2,20,17,37,VL,1,243,,,,
18/10/22,18:2,24,14,37,VL,1,269,,,,
18/10/22,18:2,27,51,37,VL,1,282,,,,
18/10/22,18:2,30,28,39,VL,1,268,,,,
18/10/22,18:2,33,47,33,VL,1,257,,,,
18/10/22,18:2,36,55,33,VL,1,257,,,,
18/10/22,18:2,42,26,30,VL,1,230,,,,
18/10/22,18:2,44,17,29,VL,1,243,,,,
18/10/22,18:2,46,30,32,VL,1,256,,,,
18/10/22,18:2,48,42,31,VL,1,256,,,,
18/10/22,18:2,50,38,31,VL,1,269,,,,
18/10/22,18:2,52,95,30,VL,1,294,,,,
18/10/22,18:2,54,53,30,2RM,13,114,,,,
18/10/22,18:2,56,34,33,VL,1,255,,,,
18/10/22,18:3,2,90,43,VL,1,268,,,,
18/10/22,18:3,9,94,44,VL,1,256,,,,
18/10/22,18:3,13,56,41,VL,1,283,,,,
18/10/22,18:3,15,39,38,VL,1,245,,,,
18/10/22,18:3,19,38,37,VL,1,257,,,,
18/10/22,18:3,21,30,36,VL,1,256,,,,
18/10/22,18:3,36,22,45,VL,1,256,,,,
18/10/22,18:3,37,5,24,V�lo �lectrique,13,102,,,,
18/10/22,18:3,37,90,46,2RM,13,154,,,,
18/10/22,18:3,42,84,42,VL,1,258,,,,
18/10/22,18:3,52,2,32,VL,1,244,,,,
18/10/22,18:4,3,73,31,V�lo �lectrique,13,102,,,,
18/10/22,18:4,4,78,47,VL,1,242,,,,
18/10/22,18:4,11,39,18,V�lo �lectrique,13,102,,,,
18/10/22,18:4,30,3,33,Bus,2,604,,,,
18/10/22,18:4,32,64,33,VL,1,230,,,,
18/10/22,18:4,37,0,35,VL,1,255,,,,
18/10/22,18:4,38,40,36,VL,1,257,,,,
18/10/22,18:4,43,72,37,VL,1,283,,,,
18/10/22,18:4,46,76,58,VL,1,259,,,,
18/10/22,18:5,1,0,43,VL,1,271,,,,
18/10/22,18:5,19,58,39,VL,1,191,,,,
18/10/22,18:5,25,68,38,VL,1,270,,,,
18/10/22,18:5,31,25,33,VL,1,268,,,,
18/10/22,18:5,32,58,32,VL,1,255,,,,
18/10/22,18:5,35,42,37,VL,1,243,,,,
18/10/22,18:5,44,10,61,VL,1,255,,,,
18/10/22,18:5,46,5,25,V�lo �lectrique,13,102,,,,
18/10/22,18:5,47,10,52,2RM,13,140,,,,
18/10/22,18:5,57,96,51,VL,1,258,,,,
18/10/22,18:6,1,43,46,VL,1,284,,,,
18/10/22,18:6,6,62,52,VL,1,272,,,,
18/10/22,18:6,9,44,29,V�lo �lectrique,13,102,,,,
18/10/22,18:6,12,8,36,VL,1,269,,,,
18/10/22,18:6,14,12,35,VL,1,257,,,,
18/10/22,18:6,16,42,34,VL,1,269,,,,
18/10/22,18:6,26,71,46,VL,1,257,,,,
18/10/22,18:6,31,26,40,VL,1,256,,,,
18/10/22,18:6,33,35,24,V�lo �lectrique,13,102,,,,
18/10/22,18:6,36,24,44,VL,1,242,,,,
18/10/22,18:6,37,20,24,Trottinette,13,89,,,,
18/10/22,18:6,47,65,47,2RM,13,128,,,,
18/10/22,18:6,48,79,45,VL,1,256,,,,
18/10/22,18:6,51,74,39,VL,1,244,,,,
18/10/22,18:6,56,44,44,VL,1,268,,,,
18/10/22,18:7,7,70,39,PL,2,540,,,,
18/10/22,18:7,22,45,51,VL,1,257,,,,
18/10/22,18:7,44,52,40,VL,1,269,,,,
18/10/22,18:7,45,50,41,VL,1,242,,,,
18/10/22,18:7,48,82,42,VL,1,269,,,,
18/10/22,18:7,57,42,48,VL,1,270,,,,
18/10/22,18:8,5,34,42,VL,1,281,,,,
18/10/22,18:8,8,68,43,VL,1,244,,,,
18/10/22,18:8,16,98,45,VL,1,256,,,,
18/10/22,18:8,20,38,40,VL,1,229,,,,
18/10/22,18:8,26,29,39,VL,1,244,,,,
18/10/22,18:8,31,28,39,VL,1,244,,,,
18/10/22,18:8,32,68,40,VL,1,243,,,,
18/10/22,18:8,34,39,37,VL,1,244,,,,
18/10/22,18:8,38,30,41,VL,1,231,,,,
18/10/22,18:8,41,76,43,VL,1,256,,,,
18/10/22,18:8,44,26,38,VL,2,387,,,,
18/10/22,18:8,48,30,54,2RM,13,126,,,,
18/10/22,18:8,53,41,38,VL,1,258,,,,
18/10/22,18:8,59,22,54,VL,1,255,,,,
18/10/22,18:9,52,40,44,VL,1,281,,,,
18/10/22,18:9,57,92,45,VL,1,243,,,,
18/10/22,18:10,2,71,43,VL,1,282,,,,
18/10/22,18:10,6,60,43,VL,1,257,,,,
18/10/22,18:10,8,48,43,VL,1,268,,,,
18/10/22,18:10,10,82,39,VL,1,256,,,,
18/10/22,18:10,14,66,42,VL,1,231,,,,
18/10/22,18:10,24,83,41,VL,1,230,,,,
18/10/22,18:10,31,42,25,V�lo �lectrique,13,102,,,,
18/10/22,18:10,33,42,33,VL,1,231,,,,
18/10/22,18:11,0,31,48,VL,1,282,,,,
18/10/22,18:11,4,14,52,VL,1,256,,,,
18/10/22,18:11,38,0,39,VL,1,268,,,,
18/10/22,18:11,50,91,25,V�lo �lectrique,13,102,,,,
18/10/22,18:12,7,7,44,VL,1,256,,,,
18/10/22,18:12,9,24,51,VL,1,258,,,,
18/10/22,18:13,6,19,46,VL,1,257,,,,
18/10/22,18:13,7,67,44,VL,1,243,,,,
18/10/22,18:13,14,64,42,VL,1,256,,,,
18/10/22,18:13,15,83,40,VL,1,268,,,,
18/10/22,18:13,17,8,38,VL,1,258,,,,
18/10/22,18:13,26,79,22,V�lo �lectrique,13,102,,,,
18/10/22,18:13,27,44,36,VL,1,255,,,,
18/10/22,18:14,16,67,43,VL,1,259,,,,
18/10/22,18:14,20,47,54,VL,1,259,,,,
18/10/22,18:14,25,8,58,VL,1,258,,,,
18/10/22,18:14,49,75,47,VL,1,284,,,,
18/10/22,18:14,52,58,27,2RM,13,115,,,,
18/10/22,18:15,9,30,34,VL,1,256,,,,
18/10/22,18:15,24,91,36,VL,1,243,,,,
18/10/22,18:15,51,74,39,VL,1,242,,,,
18/10/22,18:16,2,55,52,VL,1,256,,,,
18/10/22,18:16,51,92,40,VL,1,193,,,,
18/10/22,18:16,53,96,42,VL,1,319,,,,
18/10/22,18:16,57,60,45,VL,1,257,,,,
18/10/22,18:17,0,77,21,V�lo �lectrique,13,102,,,,
18/10/22,18:17,1,61,30,VL,1,243,,,,
18/10/22,18:17,6,43,38,VL,1,256,,,,
18/10/22,18:17,8,98,30,VL,1,268,,,,
18/10/22,18:17,23,78,40,VL,1,231,,,,
18/10/22,18:17,27,29,38,VL,1,271,,,,
18/10/22,18:17,29,58,35,VL,1,244,,,,
18/10/22,18:17,30,52,36,VL,1,268,,,,
18/10/22,18:17,33,10,36,VL,1,245,,,,
18/10/22,18:17,36,67,38,VL,1,258,,,,
18/10/22,18:17,45,15,43,VL,1,259,,,,
18/10/22,18:17,53,28,41,VL,1,270,,,,
18/10/22,18:17,54,60,38,VL,1,244,,,,
18/10/22,18:18,6,10,45,VL,1,269,,,,
18/10/22,18:18,9,47,40,VL,1,242,,,,
18/10/22,18:18,11,52,43,VL,1,242,,,,
18/10/22,18:18,12,79,42,VL,1,258,,,,
18/10/22,18:18,15,41,46,VL,1,271,,,,
18/10/22,18:18,27,57,44,VL,1,270,,,,
18/10/22,18:19,11,34,40,VL,1,192,,,,
18/10/22,18:19,18,77,37,VL,1,243,,,,
18/10/22,18:19,21,52,59,VL,1,258,,,,
18/10/22,18:19,37,85,49,VL,1,258,,,,
18/10/22,18:20,2,72,39,Bus articul�,14,554,696,,,
18/10/22,18:20,4,96,38,VL,1,244,,,,
18/10/22,18:20,6,74,36,VL,1,256,,,,
18/10/22,18:20,9,61,40,VL,1,256,,,,
18/10/22,18:20,27,4,46,2RM,13,141,,,,
18/10/22,18:20,45,34,41,VL,1,244,,,,
18/10/22,18:20,48,14,43,VL,1,255,,,,
18/10/22,18:20,50,9,47,VL,1,271,,,,
18/10/22,18:20,53,37,49,VL,1,268,,,,
18/10/22,18:21,0,42,44,2RM,13,116,,,,
18/10/22,18:21,0,77,41,VL,1,193,,,,
18/10/22,18:21,2,80,55,VL,1,272,,,,
18/10/22,18:21,11,37,41,VL,1,282,,,,
18/10/22,18:21,12,69,46,VL,1,283,,,,
18/10/22,18:21,21,78,54,VL,1,257,,,,
18/10/22,18:21,34,6,50,VL,1,243,,,,
18/10/22,18:21,40,50,50,VL,1,269,,,,
18/10/22,18:21,55,42,52,VL,1,244,,,,
18/10/22,18:23,17,67,35,VL,1,231,,,,
18/10/22,18:23,20,52,33,VL,1,269,,,,
18/10/22,18:23,23,9,31,VL,1,269,,,,
18/10/22,18:23,24,28,31,VL,1,320,,,,
18/10/22,18:23,26,16,32,VL,1,243,,,,
18/10/22,18:23,30,73,36,VL,1,281,,,,
18/10/22,18:23,33,46,37,VL,1,256,,,,
18/10/22,18:23,36,18,31,VL,1,269,,,,
18/10/22,18:23,38,34,32,VL,1,256,,,,
18/10/22,18:23,42,83,34,VL,1,256,,,,
18/10/22,18:23,47,43,47,VL,1,268,,,,
18/10/22,18:23,49,13,55,VL,1,283,,,,
18/10/22,18:24,14,19,48,VL,1,242,,,,
18/10/22,18:24,46,42,51,VL,1,244,,,,
18/10/22,18:25,1,30,43,VL,1,244,,,,
18/10/22,18:25,2,28,41,VL,1,191,,,,
18/10/22,18:25,9,53,42,VL,1,269,,,,
18/10/22,18:25,17,13,37,VL,1,269,,,,
18/10/22,18:26,7,47,42,VL,1,258,,,,
18/10/22,18:26,10,34,49,VL,1,258,,,,
18/10/22,18:26,39,9,47,VL,1,257,,,,
18/10/22,18:26,44,79,33,VL,1,256,,,,
18/10/22,18:27,14,83,51,VL,1,230,,,,
18/10/22,18:27,26,0,52,VL,1,230,,,,
18/10/22,18:27,28,86,42,VL,1,257,,,,
18/10/22,18:27,31,70,47,VL,1,255,,,,
18/10/22,18:27,34,10,43,VL,1,245,,,,
18/10/22,18:27,39,87,44,VL,1,307,,,,
18/10/22,18:28,42,34,38,Bus articul�,14,542,672,,,
18/10/22,18:28,50,33,36,VL,1,257,,,,
18/10/22,18:28,52,39,27,VL,1,230,,,,
18/10/22,18:28,54,8,26,VL,1,269,,,,
18/10/22,18:28,56,20,25,VL,1,332,,,,
18/10/22,18:29,1,59,39,VL,1,243,,,,
18/10/22,18:29,16,73,46,VL,1,284,,,,
18/10/22,18:29,20,53,43,VL,1,242,,,,
18/10/22,18:29,23,33,47,VL,1,281,,,,
18/10/22,18:29,28,80,44,VL,1,269,,,,
18/10/22,18:29,32,15,47,VL,1,281,,,,
18/10/22,18:29,33,80,45,VL,1,271,,,,
18/10/22,18:30,0,7,41,VL,1,193,,,,
18/10/22,18:30,2,31,42,VL,1,231,,,,
18/10/22,18:30,15,19,42,2RM,13,127,,,,
18/10/22,18:30,31,41,57,VL,1,258,,,,
18/10/22,18:30,40,20,41,VL,1,191,,,,
18/10/22,18:30,51,23,45,VL,1,269,,,,
18/10/22,18:31,0,61,50,VL,1,244,,,,
18/10/22,18:31,20,66,38,VL,1,244,,,,
18/10/22,18:31,22,18,38,VL,1,270,,,,
18/10/22,18:31,23,55,35,VL,1,255,,,,
18/10/22,18:31,25,45,34,VL,1,244,,,,
18/10/22,18:31,27,79,34,VL,1,283,,,,
18/10/22,18:32,0,27,38,VL,1,270,,,,
18/10/22,18:32,2,64,36,VL,1,283,,,,
18/10/22,18:32,5,40,40,VL,1,243,,,,
18/10/22,18:32,10,11,45,VL,1,256,,,,
18/10/22,18:32,19,54,41,VL,1,258,,,,
18/10/22,18:32,29,98,41,VL,1,243,,,,
18/10/22,18:32,32,23,34,VL,1,270,,,,
18/10/22,18:32,33,64,31,VL,1,269,,,,
18/10/22,18:32,37,6,37,VL,1,257,,,,
18/10/22,18:32,40,69,39,VL,1,269,,,,
18/10/22,18:33,6,19,44,VL,1,231,,,,
18/10/22,18:33,8,26,42,VL,1,269,,,,
18/10/22,18:33,11,64,45,VL,1,256,,,,
18/10/22,18:33,26,28,38,VL,1,244,,,,
18/10/22,18:33,28,85,38,VL,1,271,,,,
18/10/22,18:33,31,11,37,VL,1,257,,,,
18/10/22,18:33,33,11,37,VL,1,269,,,,
18/10/22,18:33,39,45,39,VL,1,256,,,,
18/10/22,18:34,9,97,27,2RM,13,115,,,,
18/10/22,18:34,20,46,48,VL,1,270,,,,
18/10/22,18:34,36,90,57,VL,1,283,,,,
18/10/22,18:34,45,45,46,VL,1,243,,,,
18/10/22,18:34,47,47,46,VL,1,257,,,,
18/10/22,18:35,1,85,51,2RM,13,141,,,,
18/10/22,18:35,17,20,41,VL,1,270,,,,
18/10/22,18:35,50,70,44,VL,1,230,,,,
18/10/22,18:35,51,71,42,VL,1,332,,,,
18/10/22,18:36,17,35,48,VL,1,230,,,,
18/10/22,18:36,23,17,41,VL,1,270,,,,
18/10/22,18:37,8,87,47,VL,1,281,,,,
18/10/22,18:37,16,26,54,VL,1,255,,,,
18/10/22,18:37,24,23,53,VL,1,246,,,,
18/10/22,18:37,27,20,51,VL,1,254,,,,
18/10/22,18:37,30,19,48,VL,1,269,,,,
18/10/22,18:37,35,53,49,VL,1,258,,,,
18/10/22,18:37,49,3,52,VL,1,257,,,,
18/10/22,18:37,59,65,42,VL,1,192,,,,
18/10/22,18:38,1,20,35,VL,1,281,,,,
18/10/22,18:38,8,48,37,VL,1,271,,,,
18/10/22,18:38,18,93,53,VL,1,244,,,,
18/10/22,18:39,4,2,48,VL,1,230,,,,
18/10/22,18:39,17,52,35,VL,1,243,,,,
18/10/22,18:39,23,30,52,VL,1,362,,,,
18/10/22,18:40,3,80,51,2RM,13,128,,,,
18/10/22,18:40,37,51,45,VL,1,256,,,,
18/10/22,18:40,44,48,38,VL,1,256,,,,
18/10/22,18:40,46,27,35,VL,1,244,,,,
18/10/22,18:40,47,98,35,VL,1,257,,,,
18/10/22,18:41,48,18,46,VL,1,269,,,,
18/10/22,18:41,51,84,40,VL,1,268,,,,
18/10/22,18:42,2,82,36,Bus articul�,14,552,693,,,
18/10/22,18:42,6,9,30,VL,1,283,,,,
18/10/22,18:42,41,14,53,VL,1,270,,,,
18/10/22,18:42,48,75,42,VL,1,297,,,,
18/10/22,18:43,35,17,49,VL,1,268,,,,
18/10/22,18:43,37,16,48,VL,1,245,,,,
18/10/22,18:43,55,12,41,VL,1,258,,,,
18/10/22,18:43,56,56,43,VL,1,271,,,,
18/10/22,18:43,58,52,43,VL,1,257,,,,
18/10/22,18:43,59,82,44,VL,1,258,,,,
18/10/22,18:44,1,74,46,VL,1,269,,,,
18/10/22,18:44,23,42,49,VL,1,256,,,,
18/10/22,18:44,52,16,49,VL,1,257,,,,
18/10/22,18:44,57,25,58,VL,1,361,,,,
18/10/22,18:45,6,83,32,V�lo �lectrique,13,102,,,,
18/10/22,18:45,15,12,43,VL,1,191,,,,
18/10/22,18:45,45,28,40,Bus,2,605,,,,
18/10/22,18:47,25,2,32,Bus articul�,14,567,670,,,
18/10/22,18:47,27,56,31,VL,1,270,,,,
18/10/22,18:47,29,96,31,VL,1,257,,,,
18/10/22,18:47,34,38,27,VL,1,268,,,,
18/10/22,18:47,36,93,30,VL,1,255,,,,
18/10/22,18:47,39,67,35,VL,1,270,,,,
18/10/22,18:47,46,15,38,VL,1,269,,,,
18/10/22,18:47,53,79,51,VL,1,281,,,,
18/10/22,18:47,56,67,46,2RM,13,128,,,,
18/10/22,18:48,43,52,55,VL,1,244,,,,
18/10/22,18:48,52,95,52,VL,1,257,,,,
18/10/22,18:48,56,24,51,VL,1,244,,,,
18/10/22,18:48,58,34,47,VL,1,242,,,,
18/10/22,18:49,1,81,17,V�lo �lectrique,13,102,,,,
18/10/22,18:49,30,92,49,VL,1,282,,,,
18/10/22,18:49,36,58,49,VL,1,243,,,,
18/10/22,18:50,11,33,48,VL,1,258,,,,
18/10/22,18:50,21,51,47,VL,1,270,,,,
18/10/22,18:50,40,94,42,VL,1,269,,,,
18/10/22,18:50,43,88,45,VL,1,256,,,,
18/10/22,18:50,49,47,43,VL,1,257,,,,
18/10/22,18:51,15,60,53,VL,1,232,,,,
18/10/22,18:51,24,19,49,VL,1,270,,,,
18/10/22,18:51,35,87,56,VL,1,271,,,,
18/10/22,18:51,39,29,51,VL,1,244,,,,
18/10/22,18:51,42,14,50,VL,1,256,,,,
18/10/22,18:51,43,52,48,VL,1,244,,,,
18/10/22,18:52,7,77,62,2RM,13,142,,,,
18/10/22,18:52,33,47,45,2RM,13,167,,,,
18/10/22,18:53,10,63,52,VL,1,256,,,,
18/10/22,18:53,34,45,28,Trottinette,13,76,,,,
18/10/22,18:53,46,8,55,VL,1,256,,,,
18/10/22,18:53,53,5,48,VL,1,244,,,,
18/10/22,18:53,54,97,44,PL,4,153,295,140,,
18/10/22,18:53,56,44,45,VL,1,245,,,,
18/10/22,18:54,4,0,52,VL,1,257,,,,
18/10/22,18:55,3,67,44,VL,1,242,,,,
18/10/22,18:55,9,3,42,VL,1,257,,,,
18/10/22,18:55,42,24,48,VL,1,232,,,,
18/10/22,18:56,10,58,44,VL,1,256,,,,
18/10/22,18:56,29,60,48,VL,1,271,,,,
18/10/22,18:56,38,19,40,VL,1,192,,,,
18/10/22,18:56,51,32,64,VL,1,258,,,,
18/10/22,18:57,6,95,46,VL,1,256,,,,
18/10/22,18:57,8,85,52,VL,1,243,,,,
18/10/22,18:57,48,25,46,VL,1,230,,,,
18/10/22,18:58,4,41,58,VL,1,267,,,,
18/10/22,18:58,35,51,49,VL,1,361,,,,
18/10/22,18:58,36,67,47,2RM,13,129,,,,
18/10/22,18:58,39,55,49,VL,1,271,,,,
18/10/22,18:58,51,5,41,Bus articul�,14,550,679,,,
18/10/22,18:59,6,84,41,VL,1,244,,,,
18/10/22,18:59,14,32,36,VL,1,360,,,,
18/10/22,18:59,16,26,34,VL,1,257,,,,
18/10/22,18:59,45,69,54,VL,1,245,,,,
18/10/22,18:59,52,87,55,VL,1,259,,,,
18/10/22,19:0,43,56,48,2RM,13,155,,,,
18/10/22,19:0,44,98,24,V�lo �lectrique,13,102,,,,
18/10/22,19:0,48,55,37,VL,1,270,,,,
18/10/22,19:0,51,86,47,VL,1,257,,,,
18/10/22,19:0,54,0,44,VL,1,256,,,,
18/10/22,19:0,57,66,46,VL,1,244,,,,
18/10/22,19:1,1,64,46,VL,1,243,,,,
18/10/22,19:1,41,36,52,VL,1,244,,,,
18/10/22,19:2,0,28,52,VL,1,257,,,,
18/10/22,19:2,8,8,51,VL,1,256,,,,
18/10/22,19:2,20,39,42,VL,1,270,,,,
18/10/22,19:2,56,14,28,2RM,13,115,,,,
18/10/22,19:3,24,45,38,Bus,2,616,,,,
18/10/22,19:3,28,23,33,VL,1,271,,,,
18/10/22,19:3,31,11,35,VL,1,282,,,,
18/10/22,19:3,46,81,40,VL,1,230,,,,
18/10/22,19:4,57,24,42,VL,1,284,,,,
18/10/22,19:5,15,71,41,VL,1,245,,,,
18/10/22,19:5,18,44,46,VL,1,256,,,,
18/10/22,19:5,20,46,46,VL,1,258,,,,
18/10/22,19:5,26,73,46,VL,1,232,,,,
18/10/22,19:5,59,30,51,VL,1,258,,,,
18/10/22,19:6,4,57,49,VL,1,231,,,,
18/10/22,19:6,16,55,49,VL,1,297,,,,
18/10/22,19:6,23,24,50,VL,1,244,,,,
18/10/22,19:6,46,62,46,VL,1,270,,,,
18/10/22,19:7,7,29,56,VL,1,256,,,,
18/10/22,19:7,40,32,43,VL,1,256,,,,
18/10/22,19:7,42,99,56,VL,1,285,,,,
18/10/22,19:7,45,78,38,Bus articul�,14,542,685,,,
18/10/22,19:8,12,91,25,V�lo �lectrique,13,102,,,,
18/10/22,19:8,51,66,54,VL,1,257,,,,
18/10/22,19:8,55,89,38,VL,1,255,,,,
18/10/22,19:8,59,36,39,VL,1,256,,,,
18/10/22,19:9,57,95,42,VL,1,269,,,,
18/10/22,19:10,7,74,40,VL,1,244,,,,
18/10/22,19:10,20,25,45,VL,1,270,,,,
18/10/22,19:10,31,70,44,VL,1,269,,,,
18/10/22,19:10,44,93,69,2RM,13,151,,,,
18/10/22,19:10,49,88,42,VL,1,370,,,,
18/10/22,19:12,34,25,56,VL,1,258,,,,
18/10/22,19:12,47,18,37,VL,1,268,,,,
18/10/22,19:13,27,79,45,VL,1,256,,,,
18/10/22,19:13,29,83,44,VL,1,244,,,,
18/10/22,19:13,39,58,46,VL,1,281,,,,
18/10/22,19:13,45,10,44,VL,1,244,,,,
18/10/22,19:14,24,29,44,VL,1,257,,,,
18/10/22,19:15,28,26,35,Bus articul�,14,553,696,,,
18/10/22,19:15,31,92,41,VL,1,270,,,,
18/10/22,19:15,34,19,40,VL,1,257,,,,
18/10/22,19:15,37,76,38,VL,1,257,,,,
18/10/22,19:16,11,86,54,VL,1,259,,,,
18/10/22,19:16,17,90,28,V�lo �lectrique,13,102,,,,
18/10/22,19:16,23,66,47,VL,1,256,,,,
18/10/22,19:16,59,88,46,VL,1,231,,,,
18/10/22,19:18,26,27,41,VL,1,258,,,,
18/10/22,19:18,37,50,45,VL,1,269,,,,
18/10/22,19:18,41,94,42,VL,1,244,,,,
18/10/22,19:18,46,54,39,VL,1,258,,,,
18/10/22,19:18,48,99,40,VL,1,258,,,,
18/10/22,19:18,52,30,45,VL,1,256,,,,
18/10/22,19:19,21,89,53,VL,1,257,,,,
18/10/22,19:19,53,81,42,VL,1,257,,,,
18/10/22,19:20,17,45,47,VL,1,257,,,,
18/10/22,19:20,22,38,38,VL,1,270,,,,
18/10/22,19:20,23,67,37,VL,1,242,,,,
18/10/22,19:20,30,0,50,VL,1,269,,,,
18/10/22,19:21,19,27,47,VL,1,272,,,,
18/10/22,19:21,37,5,52,VL,1,271,,,,
18/10/22,19:21,52,78,50,VL,1,257,,,,
18/10/22,19:21,57,85,24,V�lo �lectrique,13,102,,,,
18/10/22,19:21,58,71,36,VL,1,232,,,,
18/10/22,19:22,13,18,52,VL,1,245,,,,
18/10/22,19:22,21,55,53,VL,1,242,,,,
18/10/22,19:22,34,62,45,VL,1,256,,,,
18/10/22,19:23,20,78,50,VL,1,281,,,,
18/10/22,19:23,24,69,66,2RM,13,155,,,,
18/10/22,19:23,26,88,60,VL,1,271,,,,
18/10/22,19:23,55,10,110,VL,1,284,,,,
18/10/22,19:24,26,95,57,VL,1,270,,,,
18/10/22,19:24,38,75,33,Bus,2,604,,,,
18/10/22,19:24,41,43,32,VL,1,244,,,,
18/10/22,19:24,43,64,37,VL,1,294,,,,
18/10/22,19:24,53,83,47,VL,1,257,,,,
18/10/22,19:25,8,40,39,VL,1,243,,,,
18/10/22,19:25,19,56,41,VL,1,268,,,,
18/10/22,19:26,20,18,36,Bus articul�,14,540,669,,,
18/10/22,19:28,26,78,52,VL,1,271,,,,
18/10/22,19:28,46,67,31,VL,1,269,,,,
18/10/22,19:28,49,62,38,VL,1,256,,,,
18/10/22,19:29,3,61,35,VL,1,244,,,,
18/10/22,19:29,6,63,39,VL,1,257,,,,
18/10/22,19:29,19,66,58,VL,1,272,,,,
18/10/22,19:30,5,94,53,VL,1,256,,,,
18/10/22,19:30,23,74,51,VL,1,230,,,,
18/10/22,19:30,35,26,51,VL,1,242,,,,
18/10/22,19:30,42,0,44,VL,1,256,,,,
18/10/22,19:31,5,76,48,VL,1,270,,,,
18/10/22,19:31,18,26,49,VL,1,257,,,,
18/10/22,19:31,24,37,44,VL,1,281,,,,
18/10/22,19:31,28,60,48,VL,1,271,,,,
18/10/22,19:31,32,16,40,VL,1,243,,,,
18/10/22,19:31,53,27,39,VL,1,270,,,,
18/10/22,19:31,59,65,43,VL,1,242,,,,
18/10/22,19:32,21,99,53,VL,1,270,,,,
18/10/22,19:32,41,8,53,VL,1,269,,,,
18/10/22,19:33,13,69,45,VL,1,269,,,,
18/10/22,19:34,12,71,45,VL,1,243,,,,
18/10/22,19:34,15,7,45,VL,1,243,,,,
18/10/22,19:34,22,87,79,VL,1,257,,,,
18/10/22,19:35,25,24,51,VL,1,231,,,,
18/10/22,19:35,38,89,65,VL,1,281,,,,
18/10/22,19:35,48,79,48,VL,1,270,,,,
18/10/22,19:37,30,89,53,VL,1,269,,,,
18/10/22,19:37,42,0,27,VL,1,255,,,,
18/10/22,19:38,15,43,55,2RM,13,141,,,,
18/10/22,19:39,28,67,39,VL,1,268,,,,
18/10/22,19:39,53,25,39,VL,1,269,,,,
18/10/22,19:40,30,42,49,VL,1,258,,,,
18/10/22,19:40,46,41,51,VL,1,258,,,,
18/10/22,19:40,54,27,38,VL,1,255,,,,
18/10/22,19:41,24,95,39,VL,1,231,,,,
18/10/22,19:41,53,92,48,VL,1,232,,,,
18/10/22,19:42,1,8,48,VL,1,270,,,,
18/10/22,19:42,39,23,64,VL,1,257,,,,
18/10/22,19:43,31,13,51,2RM,13,127,,,,
18/10/22,19:43,41,52,41,VL,1,243,,,,
18/10/22,19:43,52,75,44,VL,1,267,,,,
18/10/22,19:44,7,7,41,VL,1,270,,,,
18/10/22,19:44,16,24,44,VL,1,258,,,,
18/10/22,19:45,33,12,69,2RM,13,153,,,,
18/10/22,19:46,1,72,52,VL,1,257,,,,
18/10/22,19:46,9,75,44,VL,1,256,,,,
18/10/22,19:46,12,8,47,2RM,13,129,,,,
18/10/22,19:46,51,6,37,VL,1,270,,,,
18/10/22,19:47,0,42,40,Bus articul�,14,550,691,,,
18/10/22,19:47,33,29,41,VL,1,270,,,,
18/10/22,19:48,28,92,45,VL,1,270,,,,
18/10/22,19:48,31,56,44,VL,1,243,,,,
18/10/22,19:49,9,68,41,VL,1,256,,,,
18/10/22,19:49,16,45,41,VL,1,281,,,,
18/10/22,19:49,38,26,50,VL,1,243,,,,
18/10/22,19:49,41,14,54,VL,1,259,,,,
18/10/22,19:50,1,7,49,VL,1,258,,,,
18/10/22,19:50,3,26,47,VL,1,272,,,,
18/10/22,19:51,32,78,36,VL,1,256,,,,
18/10/22,19:51,34,0,35,2RM,13,127,,,,
18/10/22,19:51,35,76,33,VL,1,244,,,,
18/10/22,19:52,53,45,54,VL,1,256,,,,
18/10/22,19:53,5,23,46,VL,1,193,,,,
18/10/22,19:53,11,45,44,VL,1,244,,,,
18/10/22,19:53,16,13,44,VL,1,269,,,,
18/10/22,19:53,19,65,42,VL,1,295,,,,
18/10/22,19:53,20,92,42,VL,1,269,,,,
18/10/22,19:53,36,24,62,VL,1,281,,,,
18/10/22,19:54,37,5,43,VL,1,244,,,,
18/10/22,19:55,22,65,37,Bus articul�,14,527,695,,,
18/10/22,19:55,26,2,37,VL,1,243,,,,
18/10/22,19:55,51,69,56,VL,1,258,,,,
18/10/22,19:55,56,47,55,VL,1,245,,,,
18/10/22,19:56,34,47,32,Bus,2,602,,,,
18/10/22,19:56,38,38,28,VL,1,244,,,,
18/10/22,19:56,42,33,37,VL,1,244,,,,
18/10/22,19:56,48,1,45,VL,1,256,,,,
18/10/22,19:56,51,18,46,VL,1,257,,,,
18/10/22,19:57,42,11,38,VL,1,270,,,,
18/10/22,19:57,44,45,38,VL,1,255,,,,
18/10/22,19:57,50,68,47,VL,1,256,,,,
18/10/22,19:57,51,76,47,VL,1,258,,,,
18/10/22,19:58,2,11,37,VL,1,257,,,,
18/10/22,19:58,6,62,47,VL,1,284,,,,
18/10/22,19:58,20,9,47,VL,1,270,,,,
18/10/22,19:58,44,71,48,VL,1,258,,,,
18/10/22,19:58,52,32,46,VL,1,191,,,,
18/10/22,19:58,53,73,52,VL,1,243,,,,
18/10/22,19:59,46,72,46,VL,1,191,,,,
18/10/22,19:59,53,42,34,VL,1,231,,,,
18/10/22,20:0,58,80,43,VL,1,270,,,,
18/10/22,20:1,3,3,45,VL,1,242,,,,
18/10/22,20:1,10,79,43,VL,1,257,,,,
18/10/22,20:1,42,34,50,VL,1,257,,,,
18/10/22,20:1,55,28,49,VL,1,258,,,,
18/10/22,20:2,5,30,44,2RM,13,128,,,,
18/10/22,20:3,55,77,39,VL,1,281,,,,
18/10/22,20:3,59,51,40,VL,1,258,,,,
18/10/22,20:4,14,81,30,VL,1,243,,,,
18/10/22,20:4,29,85,53,VL,1,280,,,,
18/10/22,20:5,6,85,44,VL,1,256,,,,
18/10/22,20:5,8,60,47,VL,1,257,,,,
18/10/22,20:5,53,4,44,VL,1,269,,,,
18/10/22,20:6,22,53,64,VL,1,260,,,,
18/10/22,20:6,31,90,56,VL,1,245,,,,
18/10/22,20:6,37,84,71,2RM,13,156,,,,
18/10/22,20:6,54,27,45,VL,1,268,,,,
18/10/22,20:7,4,74,82,VL,1,274,,,,
18/10/22,20:7,14,28,64,VL,1,272,,,,
18/10/22,20:7,25,7,50,VL,1,269,,,,
18/10/22,20:7,52,0,74,2RM,13,154,,,,
18/10/22,20:7,54,64,54,VL,1,257,,,,
18/10/22,20:8,15,25,53,VL,2,411,,,,
18/10/22,20:8,43,51,54,VL,1,283,,,,
18/10/22,20:9,17,23,42,VL,1,256,,,,
18/10/22,20:9,18,88,42,VL,1,282,,,,
18/10/22,20:9,34,6,47,VL,1,282,,,,
18/10/22,20:9,44,17,46,VL,1,243,,,,
18/10/22,20:10,27,12,52,VL,1,243,,,,
18/10/22,20:11,4,12,53,VL,1,257,,,,
18/10/22,20:11,26,69,50,VL,1,256,,,,
18/10/22,20:11,29,49,51,VL,1,269,,,,
18/10/22,20:12,16,4,32,Bus articul�,14,550,703,,,
18/10/22,20:12,18,75,31,VL,1,257,,,,
18/10/22,20:12,37,31,51,VL,1,267,,,,
18/10/22,20:12,50,27,55,VL,1,269,,,,
18/10/22,20:13,42,33,45,VL,1,358,,,,
18/10/22,20:14,10,77,50,VL,1,269,,,,
18/10/22,20:14,38,12,51,VL,1,257,,,,
18/10/22,20:16,22,61,38,VL,1,282,,,,
18/10/22,20:16,26,13,51,VL,1,257,,,,
18/10/22,20:16,34,65,50,VL,1,257,,,,
18/10/22,20:16,46,43,41,2RM,13,114,,,,
18/10/22,20:17,7,16,39,VL,1,231,,,,
18/10/22,20:18,5,12,58,VL,1,269,,,,
18/10/22,20:18,14,21,56,VL,1,268,,,,
18/10/22,20:18,41,68,49,VL,1,258,,,,
18/10/22,20:19,36,33,42,VL,1,270,,,,
18/10/22,20:19,39,35,44,VL,1,256,,,,
18/10/22,20:20,24,92,71,2RM,13,142,,,,
18/10/22,20:20,54,64,35,Trottinette,13,89,,,,
18/10/22,20:20,59,38,61,VL,1,255,,,,
18/10/22,20:21,44,32,52,VL,1,282,,,,
18/10/22,20:21,54,13,47,VL,1,243,,,,
18/10/22,20:22,24,37,51,VL,1,284,,,,
18/10/22,20:22,56,25,44,VL,1,270,,,,
18/10/22,20:22,58,33,44,VL,1,269,,,,
18/10/22,20:23,5,43,34,VL,1,244,,,,
18/10/22,20:23,7,50,37,VL,1,256,,,,
18/10/22,20:23,10,33,50,VL,1,257,,,,
18/10/22,20:23,17,51,60,VL,1,271,,,,
18/10/22,20:24,19,32,64,VL,1,271,,,,
18/10/22,20:25,30,13,48,VL,1,308,,,,
18/10/22,20:26,4,63,25,VL,1,269,,,,
18/10/22,20:26,36,61,54,VL,1,229,,,,
18/10/22,20:28,14,67,47,VL,1,268,,,,
18/10/22,20:28,29,48,44,VL,1,244,,,,
18/10/22,20:28,30,49,42,VL,1,244,,,,
18/10/22,20:29,11,70,47,2RM,13,128,,,,
18/10/22,20:29,55,76,39,2RM,13,127,,,,
18/10/22,20:30,8,14,43,Bus articul�,14,554,671,,,
18/10/22,20:30,10,81,44,VL,1,256,,,,
18/10/22,20:30,14,2,32,2RM,13,128,,,,
18/10/22,20:30,17,42,50,VL,1,245,,,,
18/10/22,20:31,16,62,48,VL,1,283,,,,
18/10/22,20:31,20,66,56,VL,1,243,,,,
18/10/22,20:32,0,70,37,VL,1,229,,,,
18/10/22,20:32,39,50,35,VL,1,231,,,,
18/10/22,20:33,2,34,49,VL,1,257,,,,
18/10/22,20:35,31,73,49,VL,1,257,,,,
18/10/22,20:35,54,78,49,VL,1,268,,,,
18/10/22,20:37,16,64,42,VL,1,268,,,,
18/10/22,20:37,54,49,46,VL,1,193,,,,
18/10/22,20:37,55,27,46,VL,1,193,,,,
18/10/22,20:38,49,52,44,VL,1,267,,,,
18/10/22,20:39,38,77,38,VL,1,245,,,,
18/10/22,20:40,30,23,40,VL,1,229,,,,
18/10/22,20:40,32,43,44,VL,1,243,,,,
18/10/22,20:42,14,87,56,VL,1,282,,,,
18/10/22,20:42,58,18,54,VL,1,243,,,,
18/10/22,20:43,21,17,37,Bus,2,605,,,,
18/10/22,20:43,36,87,53,VL,1,269,,,,
18/10/22,20:43,53,35,50,VL,1,268,,,,
18/10/22,20:43,55,53,44,VL,1,242,,,,
18/10/22,20:43,57,70,46,VL,1,283,,,,
18/10/22,20:44,48,12,43,VL,1,245,,,,
18/10/22,20:44,50,3,41,VL,1,243,,,,
18/10/22,20:45,8,61,51,VL,1,281,,,,
18/10/22,20:45,11,68,47,VL,1,256,,,,
18/10/22,20:47,35,49,46,VL,1,270,,,,
18/10/22,20:49,26,10,65,2RM,13,152,,,,
18/10/22,20:49,58,10,74,VL,1,243,,,,
18/10/22,20:52,10,60,44,VL,1,269,,,,
18/10/22,20:52,19,8,48,2RM,13,128,,,,
18/10/22,20:52,39,26,43,2RM,13,128,,,,
18/10/22,20:52,57,37,45,VL,1,295,,,,
18/10/22,20:53,27,66,22,V�lo �lectrique,13,102,,,,
18/10/22,20:53,42,93,46,VL,1,258,,,,
18/10/22,20:54,18,27,45,VL,2,436,,,,
18/10/22,20:55,47,29,55,VL,1,258,,,,
18/10/22,20:58,5,79,59,VL,1,268,,,,
18/10/22,20:59,4,7,55,VL,1,298,,,,
18/10/22,20:59,30,34,42,Bus articul�,14,554,682,,,
18/10/22,21:0,35,3,54,VL,1,259,,,,
18/10/22,21:0,40,19,64,VL,1,258,,,,
18/10/22,21:1,59,58,51,VL,1,295,,,,
18/10/22,21:2,26,25,46,VL,1,284,,,,
18/10/22,21:2,29,51,44,VL,1,268,,,,
18/10/22,21:2,33,25,45,VL,1,257,,,,
18/10/22,21:5,25,0,62,2RM,13,127,,,,
18/10/22,21:6,31,94,50,VL,1,270,,,,
18/10/22,21:8,14,64,44,VL,1,281,,,,
18/10/22,21:8,22,39,50,VL,1,244,,,,
18/10/22,21:8,31,96,61,VL,1,232,,,,
18/10/22,21:8,40,76,48,VL,1,308,,,,
18/10/22,21:9,51,19,44,VL,1,269,,,,
18/10/22,21:10,32,6,46,VL,1,257,,,,
18/10/22,21:10,35,36,50,VL,1,269,,,,
18/10/22,21:11,27,4,52,VL,1,232,,,,
18/10/22,21:13,49,11,56,VL,1,296,,,,
18/10/22,21:15,29,31,47,VL,1,246,,,,
18/10/22,21:17,25,69,54,VL,1,259,,,,
18/10/22,21:18,6,43,23,Trottinette,13,89,,,,
18/10/22,21:18,47,21,51,VL,1,257,,,,
18/10/22,21:18,48,50,32,V�lo �lectrique,13,102,,,,
18/10/22,21:19,43,72,54,VL,1,268,,,,
18/10/22,21:20,0,15,60,VL,1,283,,,,
18/10/22,21:21,6,18,45,VL,1,268,,,,
18/10/22,21:21,39,36,45,VL,1,256,,,,
18/10/22,21:21,42,44,54,VL,1,256,,,,
18/10/22,21:24,21,90,85,VL,1,271,,,,
18/10/22,21:24,45,17,35,VL,1,243,,,,
18/10/22,21:25,22,25,57,VL,1,246,,,,
18/10/22,21:26,14,91,71,VL,1,270,,,,
18/10/22,21:28,51,64,37,VL,1,257,,,,
18/10/22,21:28,59,63,39,Bus articul�,14,549,665,,,
18/10/22,21:30,34,14,41,VL,1,243,,,,
18/10/22,21:32,29,37,41,VL,1,270,,,,
18/10/22,21:34,55,38,44,VL,1,269,,,,
18/10/22,21:35,3,81,64,VL,1,260,,,,
18/10/22,21:35,17,76,24,V�lo �lectrique,13,102,,,,
18/10/22,21:35,21,80,76,VL,1,244,,,,
18/10/22,21:37,28,30,41,Bus,2,606,,,,
18/10/22,21:37,35,18,47,VL,1,258,,,,
18/10/22,21:40,35,93,69,VL,1,267,,,,
18/10/22,21:42,36,27,56,VL,1,243,,,,
18/10/22,21:42,38,44,57,VL,1,244,,,,
18/10/22,21:44,14,62,52,VL,1,270,,,,
18/10/22,21:44,17,6,51,VL,1,257,,,,
18/10/22,21:46,23,41,60,VL,1,243,,,,
18/10/22,21:47,24,76,47,VL,1,296,,,,
18/10/22,21:47,36,43,48,VL,1,269,,,,
18/10/22,21:51,42,33,46,VL,1,268,,,,
18/10/22,21:52,46,33,66,VL,1,259,,,,
18/10/22,21:55,13,43,35,VL,1,295,,,,
18/10/22,21:56,39,3,39,Bus articul�,14,539,720,,,
18/10/22,21:57,54,31,45,VL,1,244,,,,
18/10/22,21:59,15,77,58,VL,1,256,,,,
18/10/22,22:1,17,31,30,VL,1,268,,,,
18/10/22,22:1,21,46,26,VL,1,269,,,,
18/10/22,22:6,38,88,45,VL,1,271,,,,
18/10/22,22:6,51,11,57,VL,1,244,,,,
18/10/22,22:7,32,85,50,VL,1,255,,,,
18/10/22,22:9,13,67,57,VL,1,242,,,,
18/10/22,22:9,39,91,47,VL,1,269,,,,
18/10/22,22:9,48,58,49,VL,1,243,,,,
18/10/22,22:10,29,55,39,VL,1,243,,,,
18/10/22,22:10,31,46,40,VL,1,243,,,,
18/10/22,22:10,59,90,52,VL,1,268,,,,
18/10/22,22:11,39,7,39,VL,1,307,,,,
18/10/22,22:12,40,82,54,VL,1,268,,,,
18/10/22,22:13,1,2,110,VL,1,859,,,,
18/10/22,22:14,48,6,53,VL,1,242,,,,
18/10/22,22:16,15,49,33,VL,1,243,,,,
18/10/22,22:17,50,60,68,VL,1,246,,,,
18/10/22,22:20,56,58,32,VL,1,256,,,,
18/10/22,22:22,46,19,40,VL,1,257,,,,
18/10/22,22:23,23,83,57,VL,1,244,,,,
18/10/22,22:23,33,75,40,VL,1,270,,,,
18/10/22,22:23,39,94,47,VL,1,257,,,,
18/10/22,22:23,48,34,50,VL,1,256,,,,
18/10/22,22:24,49,86,49,VL,1,256,,,,
18/10/22,22:25,30,58,35,Bus articul�,14,552,706,,,
18/10/22,22:26,17,37,52,2RM,13,127,,,,
18/10/22,22:26,48,30,50,VL,1,269,,,,
18/10/22,22:27,55,49,38,VL,1,244,,,,
18/10/22,22:32,54,9,39,VL,1,257,,,,
18/10/22,22:33,27,20,37,VL,1,257,,,,
18/10/22,22:33,29,61,48,VL,1,244,,,,
18/10/22,22:33,33,72,37,VL,1,256,,,,
18/10/22,22:34,28,85,24,2RM,13,115,,,,
18/10/22,22:35,9,55,48,VL,1,230,,,,
18/10/22,22:35,55,96,55,VL,1,259,,,,
18/10/22,22:37,46,49,52,VL,1,272,,,,
18/10/22,22:38,39,12,52,VL,1,255,,,,
18/10/22,22:39,23,85,45,VL,1,244,,,,
18/10/22,22:43,15,60,52,VL,1,323,,,,
18/10/22,22:43,33,32,41,2RM,13,141,,,,
18/10/22,22:45,4,57,70,VL,1,243,,,,
18/10/22,22:45,15,95,53,VL,1,258,,,,
18/10/22,22:45,28,9,61,VL,1,269,,,,
18/10/22,22:46,7,96,45,VL,1,256,,,,
18/10/22,22:46,45,30,40,VL,1,258,,,,
18/10/22,22:54,4,27,39,Bus articul�,14,551,679,,,
18/10/22,22:54,17,18,70,VL,1,258,,,,
18/10/22,22:55,54,57,55,VL,1,258,,,,
18/10/22,22:57,25,56,58,VL,1,258,,,,
18/10/22,22:58,12,98,29,2RM,13,128,,,,
18/10/22,23:17,27,19,46,VL,1,268,,,,
18/10/22,23:17,30,92,41,2RM,13,128,,,,
18/10/22,23:18,27,86,52,VL,1,231,,,,
18/10/22,23:20,56,95,53,VL,1,243,,,,
18/10/22,23:21,24,85,54,VL,1,257,,,,
18/10/22,23:25,32,62,54,VL,1,271,,,,
18/10/22,23:26,55,81,31,VL,1,244,,,,
18/10/22,23:27,42,3,33,Bus articul�,14,537,665,,,
18/10/22,23:27,44,70,34,VL,1,232,,,,
18/10/22,23:32,48,16,45,VL,1,256,,,,
18/10/22,23:33,6,30,62,VL,1,268,,,,
18/10/22,23:35,19,43,50,VL,1,255,,,,
18/10/22,23:39,39,66,45,VL,1,245,,,,
18/10/22,23:40,39,98,59,VL,1,245,,,,
18/10/22,23:42,57,16,65,VL,1,256,,,,
18/10/22,23:48,3,21,49,VL,1,193,,,,
18/10/22,23:48,54,69,53,VL,1,270,,,,
18/10/22,23:53,35,86,41,VL,1,243,,,,
18/10/22,23:57,24,85,39,Bus articul�,14,528,696,,,
18/10/22,23:57,28,53,37,VL,1,256,,,,
19/10/22,0:0,54,74,49,VL,1,257,,,,
19/10/22,0:1,36,3,46,2RM,13,128,,,,
19/10/22,0:4,47,72,61,VL,1,242,,,,
19/10/22,0:11,18,30,74,2RM,13,154,,,,
19/10/22,0:11,42,38,59,VL,1,271,,,,
19/10/22,0:15,37,96,51,VL,1,255,,,,
19/10/22,0:16,2,34,41,VL,1,244,,,,
19/10/22,0:16,29,4,42,VL,1,269,,,,
19/10/22,0:25,9,21,40,Bus articul�,14,551,706,,,
19/10/22,0:35,16,39,55,VL,1,244,,,,
19/10/22,0:36,40,93,50,VL,1,270,,,,
19/10/22,0:47,28,57,48,VL,1,256,,,,
19/10/22,0:49,11,62,46,VL,1,307,,,,
19/10/22,1:11,26,17,56,VL,1,243,,,,
19/10/22,1:24,6,2,51,VL,1,268,,,,
19/10/22,1:33,34,66,47,VL,1,258,,,,
19/10/22,1:47,25,79,45,VL,1,257,,,,
19/10/22,2:24,25,17,18,Trottinette,13,89,,,,
19/10/22,2:35,27,10,74,2RM,13,141,,,,
19/10/22,3:6,43,88,51,VL,1,257,,,,
19/10/22,3:8,25,26,42,VL,1,245,,,,
19/10/22,3:23,0,50,57,VL,1,258,,,,
19/10/22,4:7,11,32,66,VL,1,350,,,,
19/10/22,4:12,31,47,42,VL,1,258,,,,
19/10/22,4:15,9,60,32,2RM,13,127,,,,
19/10/22,4:15,53,8,61,VL,2,411,,,,
19/10/22,4:16,6,77,43,VL,1,231,,,,
19/10/22,4:29,2,7,46,VL,1,374,,,,
19/10/22,4:48,25,37,47,VL,1,229,,,,
19/10/22,4:49,13,5,48,VL,1,258,,,,
19/10/22,4:55,45,96,75,2RM,13,142,,,,
19/10/22,4:58,1,18,60,VL,1,268,,,,
19/10/22,5:11,38,24,40,Bus articul�,14,550,666,,,
19/10/22,5:14,38,33,35,VL,1,281,,,,
19/10/22,5:21,25,85,53,VL,1,295,,,,
19/10/22,5:21,35,46,54,VL,1,283,,,,
19/10/22,5:35,15,89,49,VL,1,372,,,,
19/10/22,5:36,28,37,42,VL,1,258,,,,
19/10/22,5:37,31,78,56,2RM,13,128,,,,
19/10/22,5:39,22,86,44,VL,1,333,,,,
19/10/22,5:41,37,58,30,Bus articul�,14,551,666,,,
19/10/22,5:42,6,82,42,VL,1,269,,,,
19/10/22,5:42,8,27,44,VL,1,256,,,,
19/10/22,5:47,6,43,45,VL,1,258,,,,
19/10/22,5:47,53,32,53,VL,2,385,,,,
19/10/22,5:52,38,60,53,VL,1,320,,,,
19/10/22,5:54,55,74,49,VL,1,232,,,,
19/10/22,5:58,34,59,45,VL,1,257,,,,
19/10/22,5:59,40,20,34,Bus,2,604,,,,
19/10/22,6:0,40,7,38,VL,1,374,,,,
19/10/22,6:1,41,30,52,VL,1,256,,,,
19/10/22,6:2,43,0,72,VL,1,358,,,,
19/10/22,6:4,36,65,62,VL,1,259,,,,
19/10/22,6:6,40,34,49,VL,1,257,,,,
19/10/22,6:7,3,19,46,VL,1,281,,,,
19/10/22,6:9,52,93,53,VL,1,257,,,,
19/10/22,6:12,1,83,56,VL,1,258,,,,
19/10/22,6:12,52,26,34,Bus articul�,14,552,680,,,
19/10/22,6:12,57,60,33,VL,1,270,,,,
19/10/22,6:14,0,45,48,VL,1,256,,,,
19/10/22,6:14,1,80,48,VL,1,270,,,,
19/10/22,6:14,2,72,47,VL,1,258,,,,
19/10/22,6:15,36,89,47,VL,1,229,,,,
19/10/22,6:15,40,93,51,VL,1,257,,,,
19/10/22,6:18,1,80,55,VL,1,230,,,,
19/10/22,6:18,59,8,19,Trottinette,13,77,,,,
19/10/22,6:19,39,87,42,VL,1,257,,,,
19/10/22,6:19,43,98,56,VL,1,268,,,,
19/10/22,6:20,16,79,68,VL,1,256,,,,
19/10/22,6:21,41,40,62,VL,1,268,,,,
19/10/22,6:21,54,0,54,VL,1,255,,,,
19/10/22,6:24,13,50,55,VL,1,258,,,,
19/10/22,6:24,25,93,55,VL,1,244,,,,
19/10/22,6:24,37,86,69,VL,1,269,,,,
19/10/22,6:24,58,38,61,VL,1,258,,,,
19/10/22,6:29,37,49,61,VL,1,272,,,,
19/10/22,6:29,42,10,41,VL,1,268,,,,
19/10/22,6:29,45,31,39,VL,1,256,,,,
19/10/22,6:29,49,38,59,VL,1,258,,,,
19/10/22,6:30,41,60,48,VL,1,269,,,,
19/10/22,6:31,38,83,39,Bus articul�,14,527,682,,,
19/10/22,6:32,51,20,44,VL,1,346,,,,
19/10/22,6:33,41,34,59,VL,1,270,,,,
19/10/22,6:34,29,46,61,VL,1,281,,,,
19/10/22,6:34,59,47,55,VL,1,255,,,,
19/10/22,6:35,2,83,53,VL,1,270,,,,
19/10/22,6:35,46,35,52,VL,1,271,,,,
19/10/22,6:37,27,98,40,Bus,2,588,,,,
19/10/22,6:38,6,45,46,VL,1,270,,,,
19/10/22,6:38,42,79,60,VL,1,284,,,,
19/10/22,6:39,33,75,42,2RM,13,166,,,,
19/10/22,6:44,0,64,51,VL,1,258,,,,
19/10/22,6:44,8,89,46,VL,1,270,,,,
19/10/22,6:44,10,22,46,VL,1,282,,,,
19/10/22,6:46,6,5,45,VL,1,256,,,,
19/10/22,6:46,8,64,47,VL,1,244,,,,
19/10/22,6:47,31,62,57,VL,1,272,,,,
19/10/22,6:47,34,35,49,VL,1,230,,,,
19/10/22,6:47,48,53,42,VL,1,230,,,,
19/10/22,6:47,57,91,30,Bus articul�,14,551,705,,,
19/10/22,6:48,0,58,29,VL,1,282,,,,
19/10/22,6:48,6,97,40,VL,1,256,,,,
19/10/22,6:48,19,19,52,VL,1,255,,,,
19/10/22,6:49,26,42,64,VL,1,267,,,,
19/10/22,6:49,48,17,55,VL,1,259,,,,
19/10/22,6:49,50,24,55,2RM,13,141,,,,
19/10/22,6:51,28,0,46,VL,1,257,,,,
19/10/22,6:51,30,88,51,VL,1,282,,,,
19/10/22,6:51,59,72,53,VL,1,246,,,,
19/10/22,6:52,2,10,58,VL,1,270,,,,
19/10/22,6:52,39,90,48,VL,1,232,,,,
19/10/22,6:52,50,32,55,VL,1,269,,,,
19/10/22,6:53,0,15,59,2RM,13,141,,,,
19/10/22,6:53,38,64,58,VL,1,230,,,,
19/10/22,6:54,13,75,49,2RM,13,129,,,,
19/10/22,6:55,16,63,43,VL,1,335,,,,
19/10/22,6:55,18,88,46,VL,1,269,,,,
19/10/22,6:55,28,7,46,VL,1,270,,,,
19/10/22,6:56,26,71,45,VL,1,268,,,,
19/10/22,6:57,1,45,34,VL,1,269,,,,
19/10/22,6:57,18,79,62,VL,1,255,,,,
19/10/22,6:57,47,22,40,Bus,2,594,,,,
19/10/22,6:57,49,64,41,VL,1,243,,,,
19/10/22,6:57,51,8,44,VL,1,257,,,,
19/10/22,6:59,26,35,42,2RM,13,154,,,,
19/10/22,6:59,27,55,49,VL,1,271,,,,
19/10/22,7:0,27,10,44,PL,2,575,,,,
19/10/22,7:0,46,75,45,2RM,13,178,,,,
19/10/22,7:1,47,70,48,VL,1,270,,,,
19/10/22,7:1,49,0,49,VL,1,269,,,,
19/10/22,7:1,51,24,48,VL,1,244,,,,
19/10/22,7:1,53,77,45,VL,1,245,,,,
19/10/22,7:2,14,70,36,Bus articul�,14,551,680,,,
19/10/22,7:2,16,26,34,VL,1,256,,,,
19/10/22,7:2,44,97,47,VL,1,268,,,,
19/10/22,7:2,49,20,43,VL,1,230,,,,
19/10/22,7:2,53,77,51,VL,1,242,,,,
19/10/22,7:3,10,65,51,2RM,13,154,,,,
19/10/22,7:4,14,23,41,VL,1,244,,,,
19/10/22,7:4,16,71,37,VL,1,230,,,,
19/10/22,7:4,18,27,41,VL,1,257,,,,
19/10/22,7:4,22,93,39,VL,1,283,,,,
19/10/22,7:4,26,90,43,VL,1,257,,,,
19/10/22,7:4,44,72,50,2RM,13,154,,,,
19/10/22,7:5,55,25,50,VL,1,231,,,,
19/10/22,7:6,22,54,52,VL,1,271,,,,
19/10/22,7:6,27,23,53,VL,1,310,,,,
19/10/22,7:6,39,22,49,VL,1,268,,,,
19/10/22,7:6,41,93,44,VL,1,243,,,,
19/10/22,7:6,46,39,50,VL,1,284,,,,
19/10/22,7:7,11,60,50,VL,1,283,,,,
19/10/22,7:7,16,49,48,VL,1,258,,,,
19/10/22,7:7,24,8,54,VL,1,257,,,,
19/10/22,7:7,33,3,48,VL,1,309,,,,
19/10/22,7:8,1,88,48,VL,1,271,,,,
19/10/22,7:8,34,75,50,VL,1,280,,,,
19/10/22,7:8,36,16,49,VL,1,257,,,,
19/10/22,7:8,44,76,40,VL,1,256,,,,
19/10/22,7:9,33,10,43,VL,1,270,,,,
19/10/22,7:10,30,0,43,VL,1,243,,,,
19/10/22,7:10,54,82,23,V�lo �lectrique,13,102,,,,
19/10/22,7:11,9,29,49,VL,1,284,,,,
19/10/22,7:11,24,25,43,VL,1,256,,,,
19/10/22,7:11,26,57,40,VL,1,283,,,,
19/10/22,7:11,31,13,42,VL,1,269,,,,
19/10/22,7:13,7,12,52,VL,1,269,,,,
19/10/22,7:13,34,85,41,Bus articul�,14,568,685,,,
19/10/22,7:13,36,8,39,2RM,13,127,,,,
19/10/22,7:13,39,2,40,VL,1,268,,,,
19/10/22,7:13,40,48,38,VL,1,308,,,,
19/10/22,7:13,43,84,39,VL,2,413,,,,
19/10/22,7:14,24,76,51,VL,1,268,,,,
19/10/22,7:14,43,94,46,VL,1,270,,,,
19/10/22,7:15,6,25,57,VL,1,244,,,,
19/10/22,7:15,10,90,25,V�lo �lectrique,13,102,,,,
19/10/22,7:15,28,73,55,VL,1,246,,,,
19/10/22,7:15,31,56,51,VL,1,270,,,,
19/10/22,7:15,38,79,54,VL,1,283,,,,
19/10/22,7:15,41,97,44,VL,1,255,,,,
19/10/22,7:15,43,23,49,VL,1,257,,,,
19/10/22,7:15,58,20,35,VL,1,307,,,,
19/10/22,7:16,44,4,40,VL,1,257,,,,
19/10/22,7:16,46,0,41,VL,1,255,,,,
19/10/22,7:16,56,61,41,VL,1,255,,,,
19/10/22,7:17,15,6,48,VL,1,232,,,,
19/10/22,7:17,17,62,48,VL,1,285,,,,
19/10/22,7:17,28,54,43,VL,1,244,,,,
19/10/22,7:18,0,93,47,VL,1,193,,,,
19/10/22,7:18,1,69,47,VL,1,193,,,,
19/10/22,7:18,8,32,34,VL,1,283,,,,
19/10/22,7:18,10,12,34,VL,1,270,,,,
19/10/22,7:18,11,36,34,VL,1,256,,,,
19/10/22,7:18,32,53,50,VL,1,280,,,,
19/10/22,7:18,44,63,54,VL,1,259,,,,
19/10/22,7:19,20,17,38,VL,1,258,,,,
19/10/22,7:19,23,68,47,2RM,13,129,,,,
19/10/22,7:19,55,20,47,VL,1,192,,,,
19/10/22,7:19,57,97,31,VL,1,256,,,,
19/10/22,7:19,59,53,31,VL,1,268,,,,
19/10/22,7:20,7,63,38,VL,1,270,,,,
19/10/22,7:20,23,26,51,2RM,13,140,,,,
19/10/22,7:20,36,9,58,VL,1,267,,,,
19/10/22,7:20,51,3,53,VL,1,256,,,,
19/10/22,7:21,29,15,48,VL,1,282,,,,
19/10/22,7:21,30,78,48,VL,1,256,,,,
19/10/22,7:21,36,25,50,VL,1,245,,,,
19/10/22,7:21,40,38,44,VL,1,269,,,,
19/10/22,7:21,43,42,24,V�lo �lectrique,13,102,,,,
19/10/22,7:21,45,22,52,VL,1,272,,,,
19/10/22,7:21,46,59,50,VL,2,412,,,,
19/10/22,7:21,47,76,48,VL,1,258,,,,
19/10/22,7:22,7,89,50,2RM,13,115,,,,
19/10/22,7:22,26,18,37,VL,1,309,,,,
19/10/22,7:22,30,49,36,VL,1,255,,,,
19/10/22,7:22,33,10,32,VL,1,257,,,,
19/10/22,7:22,34,15,32,VL,1,294,,,,
19/10/22,7:22,36,67,37,VL,1,269,,,,
19/10/22,7:22,39,33,36,VL,1,255,,,,
19/10/22,7:22,52,46,46,VL,1,193,,,,
19/10/22,7:23,18,1,52,VL,1,268,,,,
19/10/22,7:23,37,59,47,VL,1,244,,,,
19/10/22,7:24,14,1,45,VL,1,256,,,,
19/10/22,7:24,16,85,46,VL,1,257,,,,
19/10/22,7:24,18,18,46,VL,1,268,,,,
19/10/22,7:24,38,26,38,Bus articul�,14,565,707,,,
19/10/22,7:24,40,94,30,VL,1,296,,,,
19/10/22,7:24,43,81,24,VL,1,268,,,,
19/10/22,7:25,1,97,45,VL,1,310,,,,
19/10/22,7:25,3,25,22,V�lo �lectrique,13,102,,,,
19/10/22,7:25,11,19,40,VL,1,268,,,,
19/10/22,7:25,13,74,43,VL,1,270,,,,
19/10/22,7:25,28,90,50,VL,1,243,,,,
19/10/22,7:25,31,10,51,VL,1,257,,,,
19/10/22,7:25,38,50,50,VL,1,244,,,,
19/10/22,7:25,45,66,52,VL,1,269,,,,
19/10/22,7:26,18,73,40,VL,1,283,,,,
19/10/22,7:26,20,57,44,2RM,13,153,,,,
19/10/22,7:26,40,81,42,VL,1,269,,,,
19/10/22,7:26,42,45,40,VL,1,270,,,,
19/10/22,7:26,43,83,41,VL,1,281,,,,
19/10/22,7:26,45,56,42,VL,1,258,,,,
19/10/22,7:26,52,18,48,VL,1,257,,,,
19/10/22,7:27,5,62,52,VL,1,243,,,,
19/10/22,7:27,32,56,45,VL,1,191,,,,
19/10/22,7:27,32,67,52,VL,1,282,,,,
19/10/22,7:27,37,72,56,VL,1,268,,,,
19/10/22,7:27,41,37,52,VL,1,349,,,,
19/10/22,7:28,4,6,44,VL,1,258,,,,
19/10/22,7:28,7,97,38,VL,1,271,,,,
19/10/22,7:28,21,68,54,VL,1,259,,,,
19/10/22,7:28,29,90,43,VL,1,256,,,,
19/10/22,7:28,35,24,40,VL,1,230,,,,
19/10/22,7:28,37,46,42,VL,1,269,,,,
19/10/22,7:28,41,42,42,VL,1,256,,,,
19/10/22,7:28,44,25,40,VL,1,257,,,,
19/10/22,7:28,53,55,49,VL,1,230,,,,
19/10/22,7:29,41,36,47,VL,1,244,,,,
19/10/22,7:29,42,56,47,VL,1,268,,,,
19/10/22,7:29,45,70,48,VL,1,256,,,,
19/10/22,7:30,1,27,51,VL,1,255,,,,
19/10/22,7:30,15,65,46,VL,1,256,,,,
19/10/22,7:30,51,4,44,VL,1,281,,,,
19/10/22,7:30,52,75,47,VL,1,271,,,,
19/10/22,7:30,58,31,38,VL,1,270,,,,
19/10/22,7:31,3,74,48,VL,1,346,,,,
19/10/22,7:31,7,7,41,VL,1,271,,,,
19/10/22,7:31,8,93,40,2RM,13,154,,,,
19/10/22,7:31,11,8,44,VL,1,244,,,,
19/10/22,7:31,13,40,49,VL,1,256,,,,
19/10/22,7:31,16,44,45,VL,1,256,,,,
19/10/22,7:31,31,84,44,VL,1,257,,,,
19/10/22,7:31,32,12,31,VL,1,206,,,,
19/10/22,7:32,4,68,41,VL,1,306,,,,
19/10/22,7:32,6,22,44,VL,1,243,,,,
19/10/22,7:32,8,40,44,VL,1,242,,,,
19/10/22,7:32,16,69,45,VL,1,191,,,,
19/10/22,7:32,16,85,56,VL,1,257,,,,
19/10/22,7:32,27,20,41,2RM,13,116,,,,
19/10/22,7:32,53,8,46,VL,1,256,,,,
19/10/22,7:32,56,65,49,VL,1,256,,,,
19/10/22,7:33,2,37,48,VL,1,282,,,,
19/10/22,7:33,4,43,46,2RM,13,153,,,,
19/10/22,7:33,6,31,46,VL,1,282,,,,
19/10/22,7:33,9,93,41,VL,1,269,,,,
19/10/22,7:33,18,4,45,VL,1,230,,,,
19/10/22,7:33,23,66,50,VL,1,256,,,,
19/10/22,7:33,38,74,51,VL,1,242,,,,
19/10/22,7:33,46,11,53,2RM,13,127,,,,
19/10/22,7:34,15,44,58,VL,1,254,,,,
19/10/22,7:35,6,45,54,VL,1,283,,,,
19/10/22,7:35,11,93,46,VL,1,245,,,,
19/10/22,7:35,34,17,33,Bus articul�,14,551,680,,,
19/10/22,7:35,39,63,26,PL,2,526,,,,
19/10/22,7:35,42,6,23,VL,1,269,,,,
19/10/22,7:35,43,55,23,VL,1,269,,,,
19/10/22,7:35,46,68,27,VL,1,345,,,,
19/10/22,7:35,49,65,32,VL,1,255,,,,
19/10/22,7:35,52,73,29,VL,1,257,,,,
19/10/22,7:35,55,22,30,VL,1,257,,,,
19/10/22,7:35,58,33,30,VL,1,257,,,,
19/10/22,7:36,1,13,30,VL,2,449,,,,
19/10/22,7:36,6,43,29,VL,1,256,,,,
19/10/22,7:36,9,19,33,VL,1,268,,,,
19/10/22,7:36,14,19,37,VL,1,269,,,,
19/10/22,7:36,15,76,35,VL,1,269,,,,
19/10/22,7:36,18,17,41,VL,1,255,,,,
19/10/22,7:36,20,83,40,VL,1,258,,,,
19/10/22,7:36,23,11,43,VL,1,244,,,,
19/10/22,7:36,26,28,44,VL,1,256,,,,
19/10/22,7:36,37,78,38,VL,1,258,,,,
19/10/22,7:36,39,53,37,VL,1,256,,,,
19/10/22,7:36,43,43,44,VL,1,256,,,,
19/10/22,7:36,45,50,45,VL,1,257,,,,
19/10/22,7:37,0,49,36,VL,1,256,,,,
19/10/22,7:37,16,54,37,VL,1,269,,,,
19/10/22,7:37,18,13,38,VL,1,232,,,,
19/10/22,7:37,25,36,34,VL,1,270,,,,
19/10/22,7:37,27,61,34,VL,1,269,,,,
19/10/22,7:37,29,88,34,VL,1,244,,,,
19/10/22,7:37,31,70,33,VL,1,268,,,,
19/10/22,7:37,35,31,32,VL,1,268,,,,
19/10/22,7:37,36,81,30,VL,1,256,,,,
19/10/22,7:37,40,54,33,VL,1,244,,,,
19/10/22,7:37,42,22,34,VL,1,243,,,,
19/10/22,7:37,53,28,43,VL,1,244,,,,
19/10/22,7:37,59,38,45,VL,1,256,,,,
19/10/22,7:38,2,58,44,VL,1,256,,,,
19/10/22,7:38,6,4,42,VL,1,244,,,,
19/10/22,7:38,8,47,44,VL,1,267,,,,
19/10/22,7:38,14,39,42,VL,1,258,,,,
19/10/22,7:38,17,21,44,VL,1,269,,,,
19/10/22,7:38,19,77,48,2RM,13,141,,,,
19/10/22,7:38,25,43,70,2RM,13,127,,,,
19/10/22,7:38,29,29,49,VL,1,258,,,,
19/10/22,7:38,33,21,43,VL,1,269,,,,
19/10/22,7:38,49,36,24,Trottinette,13,89,,,,
19/10/22,7:38,59,94,34,Bus,2,602,,,,
19/10/22,7:39,7,39,27,VL,1,269,,,,
19/10/22,7:39,9,67,26,VL,1,269,,,,
19/10/22,7:39,10,99,26,VL,1,244,,,,
19/10/22,7:39,15,47,35,VL,1,243,,,,
19/10/22,7:39,16,64,33,VL,1,244,,,,
19/10/22,7:39,19,76,32,VL,1,269,,,,
19/10/22,7:39,31,17,38,VL,1,258,,,,
19/10/22,7:39,33,12,36,VL,1,256,,,,
19/10/22,7:39,35,84,39,VL,1,256,,,,
19/10/22,7:39,47,27,46,VL,1,256,,,,
19/10/22,7:40,1,16,49,VL,1,283,,,,
19/10/22,7:40,10,2,33,VL,1,243,,,,
19/10/22,7:40,11,66,32,VL,1,294,,,,
19/10/22,7:40,18,4,41,VL,1,283,,,,
19/10/22,7:40,23,89,48,VL,1,258,,,,
19/10/22,7:40,56,57,45,VL,1,256,,,,
19/10/22,7:41,0,15,43,VL,1,244,,,,
19/10/22,7:41,8,0,46,VL,1,257,,,,
19/10/22,7:41,16,53,43,VL,1,284,,,,
19/10/22,7:41,21,23,49,VL,1,272,,,,
19/10/22,7:41,23,36,27,V�lo �lectrique,13,102,,,,
19/10/22,7:41,26,0,32,VL,1,242,,,,
19/10/22,7:41,31,87,39,VL,1,257,,,,
19/10/22,7:41,33,70,41,VL,1,256,,,,
19/10/22,7:41,36,65,45,VL,1,257,,,,
19/10/22,7:41,38,51,43,VL,1,257,,,,
19/10/22,7:41,46,0,52,VL,1,243,,,,
19/10/22,7:42,13,19,36,VL,1,255,,,,
19/10/22,7:42,15,5,35,VL,1,280,,,,
19/10/22,7:42,16,74,38,VL,1,270,,,,
19/10/22,7:42,23,43,40,VL,1,268,,,,
19/10/22,7:42,28,81,39,VL,1,231,,,,
19/10/22,7:42,38,66,41,VL,1,256,,,,
19/10/22,7:42,41,47,36,VL,1,258,,,,
19/10/22,7:43,37,61,23,V�lo �lectrique,13,102,,,,
19/10/22,7:43,54,67,42,VL,1,244,,,,
19/10/22,7:44,27,19,24,V�lo �lectrique,13,102,,,,
19/10/22,7:44,30,56,27,Bus articul�,14,553,695,,,
19/10/22,7:44,32,97,24,VL,1,270,,,,
19/10/22,7:44,35,37,19,VL,1,294,,,,
19/10/22,7:44,38,3,14,VL,1,256,,,,
19/10/22,7:44,55,17,44,VL,1,270,,,,
19/10/22,7:45,3,17,51,VL,1,256,,,,
19/10/22,7:45,4,96,49,VL,1,282,,,,
19/10/22,7:45,8,32,54,VL,1,268,,,,
19/10/22,7:45,11,76,50,VL,1,243,,,,
19/10/22,7:45,16,32,43,VL,1,242,,,,
19/10/22,7:45,23,77,40,VL,1,257,,,,
19/10/22,7:45,25,89,40,VL,1,271,,,,
19/10/22,7:45,32,3,48,VL,1,282,,,,
19/10/22,7:45,46,65,50,VL,1,257,,,,
19/10/22,7:45,50,74,44,VL,1,256,,,,
19/10/22,7:45,53,0,44,VL,1,269,,,,
19/10/22,7:45,58,34,23,V�lo �lectrique,13,102,,,,
19/10/22,7:46,0,28,28,VL,1,281,,,,
19/10/22,7:46,2,67,26,VL,1,244,,,,
19/10/22,7:46,7,25,36,VL,1,258,,,,
19/10/22,7:46,8,82,36,VL,1,255,,,,
19/10/22,7:46,30,53,42,VL,1,270,,,,
19/10/22,7:46,54,83,44,VL,1,269,,,,
19/10/22,7:47,18,22,28,VL,1,257,,,,
19/10/22,7:47,33,83,48,VL,1,270,,,,
19/10/22,7:47,57,13,51,VL,1,256,,,,
19/10/22,7:48,0,18,44,VL,1,270,,,,
19/10/22,7:48,4,38,110,VL,1,1725,,,,
19/10/22,7:48,11,77,43,VL,1,259,,,,
19/10/22,7:48,25,99,42,VL,1,256,,,,
19/10/22,7:48,27,29,42,VL,1,271,,,,
19/10/22,7:48,58,98,48,VL,1,244,,,,
19/10/22,7:49,7,36,43,2RM,13,114,,,,
19/10/22,7:49,22,10,42,VL,1,270,,,,
19/10/22,7:49,24,46,38,VL,1,269,,,,
19/10/22,7:49,28,21,33,VL,1,244,,,,
19/10/22,7:49,31,31,35,VL,1,255,,,,
19/10/22,7:49,37,71,35,VL,1,255,,,,
19/10/22,7:49,40,18,34,VL,1,257,,,,
19/10/22,7:50,30,47,23,V�lo �lectrique,13,102,,,,
19/10/22,7:51,8,48,14,VL,2,435,,,,
19/10/22,7:51,13,4,41,VL,1,231,,,,
19/10/22,7:51,15,4,45,VL,1,256,,,,
19/10/22,7:51,25,19,36,Bus articul�,14,553,682,,,
19/10/22,7:51,28,29,32,VL,1,295,,,,
19/10/22,7:51,31,40,30,VL,1,243,,,,
19/10/22,7:51,32,65,30,VL,1,242,,,,
19/10/22,7:51,39,9,42,VL,1,256,,,,
19/10/22,7:51,40,30,43,VL,1,243,,,,
19/10/22,7:51,43,10,39,VL,1,270,,,,
19/10/22,7:51,45,36,38,VL,1,270,,,,
19/10/22,7:51,47,35,42,VL,1,245,,,,
19/10/22,7:51,49,20,44,2RM,13,153,,,,
19/10/22,7:51,52,11,37,VL,1,270,,,,
19/10/22,7:51,57,23,39,VL,1,268,,,,
19/10/22,7:52,17,33,45,VL,1,268,,,,
19/10/22,7:52,24,95,35,VL,1,268,,,,
19/10/22,7:52,27,11,34,VL,1,256,,,,
19/10/22,7:52,30,95,41,VL,1,243,,,,
19/10/22,7:52,34,42,43,VL,1,280,,,,
19/10/22,7:52,38,7,38,VL,1,284,,,,
19/10/22,7:52,47,3,38,VL,1,257,,,,
19/10/22,7:52,49,15,36,VL,1,244,,,,
19/10/22,7:52,53,88,31,VL,1,282,,,,
19/10/22,7:52,59,8,28,VL,1,255,,,,
19/10/22,7:53,2,42,40,VL,1,244,,,,
19/10/22,7:53,10,84,47,VL,1,245,,,,
19/10/22,7:53,47,53,41,VL,1,258,,,,
19/10/22,7:54,3,74,42,VL,1,256,,,,
19/10/22,7:54,6,39,41,VL,1,258,,,,
19/10/22,7:54,8,0,49,VL,1,245,,,,
19/10/22,7:54,10,24,51,VL,1,270,,,,
19/10/22,7:54,22,20,44,VL,1,256,,,,
19/10/22,7:54,30,61,48,2RM,13,141,,,,
19/10/22,7:54,32,2,31,VL,1,243,,,,
19/10/22,7:54,33,59,33,VL,1,257,,,,
19/10/22,7:54,44,92,48,VL,1,269,,,,
19/10/22,7:55,2,51,30,VL,1,270,,,,
19/10/22,7:55,5,61,29,VL,1,270,,,,
19/10/22,7:55,10,74,42,VL,1,283,,,,
19/10/22,7:55,25,39,25,V�lo �lectrique,13,102,,,,
19/10/22,7:55,30,97,43,VL,1,270,,,,
19/10/22,7:55,38,26,37,VL,1,230,,,,
19/10/22,7:55,45,64,52,VL,1,258,,,,
19/10/22,7:55,53,91,42,VL,1,269,,,,
19/10/22,7:56,7,10,46,VL,1,257,,,,
19/10/22,7:56,10,16,40,VL,1,256,,,,
19/10/22,7:56,11,96,41,VL,1,231,,,,
19/10/22,7:56,15,83,36,VL,1,269,,,,
19/10/22,7:56,19,0,35,VL,1,257,,,,
19/10/22,7:56,22,3,34,VL,1,255,,,,
19/10/22,7:56,25,86,43,VL,1,245,,,,
19/10/22,7:56,35,34,39,VL,1,244,,,,
19/10/22,7:56,37,51,45,VL,1,257,,,,
19/10/22,7:57,5,35,37,VL,1,243,,,,
19/10/22,7:57,15,95,47,VL,1,246,,,,
19/10/22,7:57,18,74,47,VL,1,256,,,,
19/10/22,7:57,21,27,44,VL,1,244,,,,
19/10/22,7:57,28,87,52,VL,1,257,,,,
19/10/22,7:57,34,78,38,VL,1,244,,,,
19/10/22,7:57,37,56,38,VL,1,243,,,,
19/10/22,7:58,1,47,33,VL,1,255,,,,
19/10/22,7:58,15,26,31,Bus,2,591,,,,
19/10/22,7:58,17,42,30,VL,1,269,,,,
19/10/22,7:58,19,83,23,VL,1,282,,,,
19/10/22,7:58,22,41,17,VL,1,243,,,,
19/10/22,7:58,26,62,16,VL,1,269,,,,
19/10/22,7:58,35,10,19,VL,1,256,,,,
19/10/22,7:58,43,12,37,VL,1,255,,,,
19/10/22,7:58,45,0,38,VL,1,257,,,,
19/10/22,7:58,47,27,37,VL,1,243,,,,
19/10/22,7:58,48,80,38,VL,1,270,,,,
19/10/22,7:58,52,6,38,VL,1,257,,,,
19/10/22,7:58,56,35,37,VL,1,245,,,,
19/10/22,7:59,1,81,48,VL,1,282,,,,
19/10/22,7:59,9,17,39,VL,1,256,,,,
19/10/22,7:59,13,30,35,VL,1,268,,,,
19/10/22,7:59,15,20,34,VL,1,255,,,,
19/10/22,7:59,24,58,44,VL,1,269,,,,
19/10/22,7:59,28,31,42,VL,1,245,,,,
19/10/22,7:59,29,90,41,VL,1,255,,,,
19/10/22,7:59,31,91,41,VL,1,270,,,,
19/10/22,7:59,36,41,44,VL,1,283,,,,
19/10/22,7:59,49,42,41,VL,1,258,,,,
19/10/22,7:59,52,83,59,VL,1,280,,,,
19/10/22,7:59,58,76,47,VL,1,255,,,,
19/10/22,8:0,0,92,42,VL,1,258,,,,
19/10/22,8:0,9,13,22,V�lo �lectrique,13,102,,,,
19/10/22,8:0,9,15,38,VL,1,270,,,,
19/10/22,8:0,11,59,40,VL,1,270,,,,
19/10/22,8:0,19,35,37,VL,1,296,,,,
19/10/22,8:0,24,94,24,Trottinette,13,89,,,,
19/10/22,8:0,26,73,26,VL,1,243,,,,
19/10/22,8:1,3,8,31,PL,2,550,,,,
19/10/22,8:1,4,3,30,VL,1,51,,,,
19/10/22,8:1,6,44,30,VL,1,269,,,,
19/10/22,8:1,13,62,32,VL,1,257,,,,
19/10/22,8:1,29,25,40,VL,1,269,,,,
19/10/22,8:1,31,98,36,VL,1,255,,,,
19/10/22,8:1,34,18,37,VL,1,256,,,,
19/10/22,8:1,36,1,39,VL,1,256,,,,
19/10/22,8:1,41,96,22,Trottinette,13,76,,,,
19/10/22,8:1,42,46,33,VL,1,257,,,,
19/10/22,8:1,45,64,33,VL,1,244,,,,
19/10/22,8:1,47,18,34,VL,1,270,,,,
19/10/22,8:1,48,87,35,VL,1,244,,,,
19/10/22,8:1,52,27,39,VL,1,255,,,,
19/10/22,8:1,54,83,41,VL,1,271,,,,
19/10/22,8:1,56,81,44,VL,1,283,,,,
19/10/22,8:1,59,41,35,VL,1,268,,,,
19/10/22,8:2,1,0,35,VL,1,243,,,,
19/10/22,8:2,9,0,43,VL,1,257,,,,
19/10/22,8:2,15,36,37,VL,1,270,,,,
19/10/22,8:2,17,58,38,VL,1,243,,,,
19/10/22,8:2,26,21,46,VL,1,270,,,,
19/10/22,8:2,30,34,40,VL,1,256,,,,
19/10/22,8:2,32,75,45,VL,1,283,,,,
19/10/22,8:2,37,77,38,VL,1,269,,,,
19/10/22,8:2,43,53,44,VL,1,244,,,,
19/10/22,8:2,47,87,43,VL,1,256,,,,
19/10/22,8:2,54,72,39,VL,1,242,,,,
19/10/22,8:3,54,5,41,VL,1,219,,,,
19/10/22,8:4,10,0,23,VL,1,244,,,,
19/10/22,8:4,11,5,26,VL,1,269,,,,
19/10/22,8:4,12,98,26,VL,1,270,,,,
19/10/22,8:4,15,39,28,VL,1,307,,,,
19/10/22,8:4,17,94,32,VL,1,256,,,,
19/10/22,8:4,22,92,39,VL,1,255,,,,
19/10/22,8:4,30,29,35,VL,1,270,,,,
19/10/22,8:4,32,12,37,VL,1,256,,,,
19/10/22,8:4,41,21,35,VL,1,255,,,,
19/10/22,8:4,49,2,46,VL,1,282,,,,
19/10/22,8:5,20,19,35,VL,1,256,,,,
19/10/22,8:5,22,28,34,VL,1,229,,,,
19/10/22,8:5,24,43,37,VL,1,257,,,,
19/10/22,8:5,27,64,32,VL,1,268,,,,
19/10/22,8:5,31,10,31,VL,1,257,,,,
19/10/22,8:5,33,21,32,VL,1,229,,,,
19/10/22,8:5,42,14,41,VL,1,257,,,,
19/10/22,8:5,52,65,43,VL,1,242,,,,
19/10/22,8:6,10,16,47,VL,1,257,,,,
19/10/22,8:6,16,65,41,VL,1,269,,,,
19/10/22,8:6,27,85,52,VL,1,268,,,,
19/10/22,8:6,31,80,43,VL,1,256,,,,
19/10/22,8:6,33,32,44,VL,1,243,,,,
19/10/22,8:6,35,75,42,VL,1,258,,,,
19/10/22,8:6,38,88,40,VL,1,244,,,,
19/10/22,8:6,56,69,38,VL,1,243,,,,
19/10/22,8:7,6,25,35,VL,1,257,,,,
19/10/22,8:7,7,76,41,VL,1,256,,,,
19/10/22,8:7,11,32,38,VL,1,270,,,,
19/10/22,8:7,13,96,40,VL,1,280,,,,
19/10/22,8:7,17,60,41,VL,1,270,,,,
19/10/22,8:7,28,77,37,VL,1,192,,,,
19/10/22,8:7,43,97,49,VL,1,270,,,,
19/10/22,8:7,54,50,40,VL,1,232,,,,
19/10/22,8:7,56,87,41,VL,1,258,,,,
19/10/22,8:7,58,93,41,VL,1,242,,,,
19/10/22,8:8,12,36,49,VL,1,257,,,,
19/10/22,8:8,29,47,41,VL,1,258,,,,
19/10/22,8:8,38,0,41,VL,1,271,,,,
19/10/22,8:8,40,51,41,VL,1,268,,,,
19/10/22,8:8,42,30,42,VL,1,270,,,,
19/10/22,8:8,53,25,46,VL,1,270,,,,
19/10/22,8:8,59,98,46,VL,1,243,,,,
19/10/22,8:9,1,62,44,VL,1,256,,,,
19/10/22,8:9,4,15,46,2RM,13,128,,,,
19/10/22,8:9,33,81,46,VL,1,245,,,,
19/10/22,8:10,2,59,24,V�lo �lectrique,13,102,,,,
19/10/22,8:10,5,62,33,Bus articul�,14,552,707,,,
19/10/22,8:10,10,23,35,VL,1,255,,,,
19/10/22,8:10,11,94,35,VL,1,244,,,,
19/10/22,8:10,18,74,20,V�lo �lectrique,13,102,,,,
19/10/22,8:10,21,33,31,VL,1,256,,,,
19/10/22,8:10,25,52,32,VL,1,256,,,,
19/10/22,8:10,27,94,34,VL,1,257,,,,
19/10/22,8:10,46,25,40,VL,1,257,,,,
19/10/22,8:10,48,94,42,VL,1,269,,,,
19/10/22,8:11,13,51,43,VL,1,296,,,,
19/10/22,8:11,21,92,46,VL,1,270,,,,
19/10/22,8:11,26,51,45,VL,1,243,,,,
19/10/22,8:11,28,3,41,VL,1,257,,,,
19/10/22,8:11,33,92,41,VL,1,229,,,,
19/10/22,8:11,36,43,39,VL,1,257,,,,
19/10/22,8:11,40,39,43,VL,1,270,,,,
19/10/22,8:11,46,42,47,VL,1,284,,,,
19/10/22,8:11,47,97,47,VL,1,256,,,,
19/10/22,8:11,50,39,38,VL,1,193,,,,
19/10/22,8:11,58,18,38,VL,1,230,,,,
19/10/22,8:11,59,96,35,VL,1,269,,,,
19/10/22,8:12,2,80,41,VL,1,270,,,,
19/10/22,8:12,6,45,40,VL,1,244,,,,
19/10/22,8:12,9,81,38,VL,1,192,,,,
19/10/22,8:12,13,8,41,VL,1,245,,,,
19/10/22,8:12,26,86,42,VL,1,257,,,,
19/10/22,8:12,29,18,40,VL,1,256,,,,
19/10/22,8:12,51,48,49,VL,1,257,,,,
19/10/22,8:12,58,33,41,VL,1,232,,,,
19/10/22,8:13,12,87,39,VL,1,255,,,,
19/10/22,8:13,15,87,50,VL,1,230,,,,
19/10/22,8:13,16,32,37,VL,1,346,,,,
19/10/22,8:13,23,21,39,VL,1,231,,,,
19/10/22,8:13,25,46,40,VL,1,268,,,,
19/10/22,8:13,28,27,37,VL,1,257,,,,
19/10/22,8:13,31,86,38,VL,1,270,,,,
19/10/22,8:13,37,5,36,VL,1,255,,,,
19/10/22,8:13,40,75,42,VL,1,258,,,,
19/10/22,8:13,52,13,33,VL,1,257,,,,
19/10/22,8:13,53,51,33,VL,1,257,,,,
19/10/22,8:13,55,91,31,VL,1,257,,,,
19/10/22,8:14,19,14,47,VL,1,246,,,,
19/10/22,8:14,23,90,47,VL,1,246,,,,
19/10/22,8:14,28,16,24,Trottinette,13,76,,,,
19/10/22,8:14,30,37,33,VL,1,269,,,,
19/10/22,8:15,0,67,58,VL,1,254,,,,
19/10/22,8:15,34,50,26,Bus,2,602,,,,
19/10/22,8:15,39,52,27,VL,1,256,,,,
19/10/22,8:15,41,17,27,VL,1,268,,,,
19/10/22,8:15,43,41,27,VL,1,257,,,,
19/10/22,8:15,44,68,28,VL,1,244,,,,
19/10/22,8:15,46,25,29,VL,1,256,,,,
19/10/22,8:15,50,61,34,VL,1,256,,,,
19/10/22,8:15,54,12,35,VL,1,268,,,,
19/10/22,8:16,29,37,37,VL,1,191,,,,
19/10/22,8:16,32,70,49,2RM,13,155,,,,
19/10/22,8:16,37,44,26,V�lo �lectrique,13,102,,,,
19/10/22,8:16,37,86,46,VL,1,255,,,,
19/10/22,8:16,40,92,40,VL,1,256,,,,
19/10/22,8:16,55,92,39,VL,1,372,,,,
19/10/22,8:17,31,79,45,VL,1,244,,,,
19/10/22,8:17,54,15,40,VL,1,255,,,,
19/10/22,8:17,56,20,39,VL,1,258,,,,
19/10/22,8:18,0,83,48,VL,1,271,,,,
19/10/22,8:18,5,7,41,VL,1,258,,,,
19/10/22,8:18,31,9,45,VL,1,256,,,,
19/10/22,8:19,0,35,37,Bus articul�,14,553,694,,,
19/10/22,8:19,10,19,35,VL,1,269,,,,
19/10/22,8:19,13,84,37,VL,1,256,,,,
19/10/22,8:19,16,53,36,VL,1,269,,,,
19/10/22,8:19,18,94,35,VL,1,230,,,,
19/10/22,8:19,22,60,39,VL,1,282,,,,
19/10/22,8:19,28,45,52,VL,1,257,,,,
19/10/22,8:19,34,41,43,VL,1,270,,,,
19/10/22,8:19,36,51,42,VL,1,269,,,,
19/10/22,8:19,49,29,47,VL,1,230,,,,
19/10/22,8:20,3,69,49,VL,1,258,,,,
19/10/22,8:20,6,4,52,VL,1,271,,,,
19/10/22,8:20,29,12,54,VL,1,243,,,,
19/10/22,8:20,35,50,47,VL,1,230,,,,
19/10/22,8:20,40,47,39,VL,1,192,,,,
19/10/22,8:20,46,21,40,VL,1,243,,,,
19/10/22,8:20,50,54,49,VL,1,268,,,,
19/10/22,8:20,53,3,49,VL,1,258,,,,
19/10/22,8:21,2,57,51,VL,1,268,,,,
19/10/22,8:21,13,49,45,2RM,13,127,,,,
19/10/22,8:21,34,7,44,VL,1,269,,,,
19/10/22,8:21,45,86,47,VL,1,230,,,,
19/10/22,8:21,48,13,45,VL,1,256,,,,
19/10/22,8:22,16,66,51,VL,1,231,,,,
19/10/22,8:22,18,62,47,VL,1,258,,,,
19/10/22,8:22,21,4,49,VL,1,258,,,,
19/10/22,8:22,33,9,44,VL,1,243,,,,
19/10/22,8:22,35,10,45,VL,1,310,,,,
19/10/22,8:22,37,67,47,VL,1,281,,,,
19/10/22,8:22,39,39,45,VL,1,232,,,,
19/10/22,8:22,41,73,42,VL,1,269,,,,
19/10/22,8:22,49,14,47,VL,1,270,,,,
19/10/22,8:22,50,15,49,VL,1,231,,,,
19/10/22,8:22,52,54,43,VL,1,242,,,,
19/10/22,8:22,58,1,39,VL,1,193,,,,
19/10/22,8:23,17,68,57,VL,1,257,,,,
19/10/22,8:23,44,43,42,VL,1,256,,,,
19/10/22,8:23,46,92,40,VL,1,284,,,,
19/10/22,8:23,48,13,40,VL,1,271,,,,
19/10/22,8:23,50,92,37,VL,1,257,,,,
19/10/22,8:24,5,20,41,VL,1,230,,,,
19/10/22,8:24,6,55,41,VL,1,282,,,,
19/10/22,8:24,18,66,42,VL,1,269,,,,
19/10/22,8:24,25,89,49,VL,1,243,,,,
19/10/22,8:24,50,82,48,VL,1,256,,,,
19/10/22,8:24,54,16,44,VL,1,267,,,,
19/10/22,8:24,56,45,45,VL,1,256,,,,
19/10/22,8:24,58,90,44,VL,1,267,,,,
19/10/22,8:25,4,34,42,VL,1,283,,,,
19/10/22,8:25,5,89,40,VL,1,242,,,,
19/10/22,8:25,8,31,40,VL,1,242,,,,
19/10/22,8:25,17,77,42,VL,1,256,,,,
19/10/22,8:25,20,13,43,VL,1,270,,,,
19/10/22,8:25,55,42,34,VL,1,307,,,,
19/10/22,8:26,23,12,42,VL,1,243,,,,
19/10/22,8:26,27,29,45,VL,1,271,,,,
19/10/22,8:26,33,16,36,VL,1,258,,,,
19/10/22,8:26,35,79,34,VL,1,268,,,,
19/10/22,8:26,43,76,41,VL,1,231,,,,
19/10/22,8:26,45,70,45,VL,1,268,,,,
19/10/22,8:26,49,76,38,VL,1,255,,,,
19/10/22,8:26,51,54,39,VL,1,256,,,,
19/10/22,8:26,58,86,42,VL,1,244,,,,
19/10/22,8:27,4,93,46,VL,1,257,,,,
19/10/22,8:27,10,46,56,VL,1,270,,,,
19/10/22,8:27,36,18,45,VL,1,256,,,,
19/10/22,8:28,7,66,51,2RM,13,154,,,,
19/10/22,8:28,20,23,51,VL,1,267,,,,
19/10/22,8:28,30,66,49,VL,1,245,,,,
19/10/22,8:28,43,93,38,Bus articul�,14,553,707,,,
19/10/22,8:28,46,7,32,VL,1,269,,,,
19/10/22,8:28,51,31,34,VL,1,270,,,,
19/10/22,8:29,4,29,54,VL,1,243,,,,
19/10/22,8:29,14,68,78,VL,1,256,,,,
19/10/22,8:29,25,65,52,VL,1,244,,,,
19/10/22,8:29,34,11,43,VL,1,244,,,,
19/10/22,8:29,39,32,46,VL,1,232,,,,
19/10/22,8:29,40,53,50,VL,1,256,,,,
19/10/22,8:29,44,97,48,VL,1,242,,,,
19/10/22,8:29,51,49,53,VL,1,258,,,,
19/10/22,8:29,56,0,39,VL,1,243,,,,
19/10/22,8:29,59,66,54,VL,1,242,,,,
19/10/22,8:30,15,49,54,VL,1,268,,,,
19/10/22,8:30,29,90,46,VL,1,243,,,,
19/10/22,8:30,41,96,42,VL,1,270,,,,
19/10/22,8:30,43,60,41,VL,1,296,,,,
19/10/22,8:30,48,26,49,VL,1,268,,,,
19/10/22,8:30,59,67,41,VL,1,270,,,,
19/10/22,8:31,5,1,46,VL,1,257,,,,
19/10/22,8:31,30,45,41,VL,1,270,,,,
19/10/22,8:31,34,81,42,VL,1,256,,,,
19/10/22,8:31,39,45,45,VL,1,269,,,,
19/10/22,8:31,47,71,47,VL,1,257,,,,
19/10/22,8:31,58,77,36,VL,1,269,,,,
19/10/22,8:32,27,55,47,VL,1,256,,,,
19/10/22,8:32,29,85,48,VL,1,270,,,,
19/10/22,8:32,33,13,51,VL,1,231,,,,
19/10/22,8:32,35,33,48,VL,1,269,,,,
19/10/22,8:32,51,95,64,VL,1,245,,,,
19/10/22,8:33,7,55,37,Bus,2,618,,,,
19/10/22,8:33,15,96,51,VL,1,256,,,,
19/10/22,8:33,26,30,46,VL,1,270,,,,
19/10/22,8:33,30,20,41,VL,1,258,,,,
19/10/22,8:33,38,32,45,VL,1,257,,,,
19/10/22,8:33,40,64,51,VL,1,244,,,,
19/10/22,8:34,22,52,48,VL,1,256,,,,
19/10/22,8:34,37,0,48,VL,1,256,,,,
19/10/22,8:34,39,22,45,VL,1,256,,,,
19/10/22,8:34,48,68,47,VL,1,271,,,,
19/10/22,8:34,50,19,49,VL,1,272,,,,
19/10/22,8:34,55,23,53,VL,1,269,,,,
19/10/22,8:34,57,38,52,VL,1,255,,,,
19/10/22,8:35,1,9,50,VL,1,270,,,,
19/10/22,8:35,6,34,38,2RM,13,127,,,,
19/10/22,8:35,14,25,54,VL,1,256,,,,
19/10/22,8:35,47,38,38,VL,1,271,,,,
19/10/22,8:35,48,65,36,2RM,13,115,,,,
19/10/22,8:35,50,17,41,VL,1,269,,,,
19/10/22,8:35,52,56,46,VL,1,270,,,,
19/10/22,8:36,13,44,56,2RM,13,142,,,,
19/10/22,8:36,24,5,54,VL,1,259,,,,
19/10/22,8:37,11,95,39,VL,1,243,,,,
19/10/22,8:37,15,62,47,VL,1,269,,,,
19/10/22,8:37,17,96,49,VL,1,282,,,,
19/10/22,8:37,25,70,50,VL,1,255,,,,
19/10/22,8:37,27,46,49,2RM,13,141,,,,
19/10/22,8:37,29,40,55,VL,1,283,,,,
19/10/22,8:37,39,27,40,VL,1,270,,,,
19/10/22,8:37,40,70,39,VL,1,242,,,,
19/10/22,8:37,43,18,45,VL,1,268,,,,
19/10/22,8:37,48,69,45,VL,1,258,,,,
19/10/22,8:38,17,56,35,VL,1,255,,,,
19/10/22,8:38,45,69,43,2RM,13,127,,,,
19/10/22,8:39,30,88,30,Bus articul�,14,552,668,,,
19/10/22,8:39,33,60,26,VL,1,256,,,,
19/10/22,8:39,35,75,29,VL,1,282,,,,
19/10/22,8:39,37,37,28,VL,1,269,,,,
19/10/22,8:39,41,11,40,VL,1,256,,,,
19/10/22,8:39,43,68,41,VL,1,257,,,,
19/10/22,8:39,46,37,49,2RM,13,141,,,,
19/10/22,8:39,49,69,35,VL,1,334,,,,
19/10/22,8:39,52,12,34,VL,1,257,,,,
19/10/22,8:39,58,31,32,PL,14,242,166,,,
19/10/22,8:40,1,5,27,VL,1,230,,,,
19/10/22,8:40,5,47,24,VL,1,269,,,,
19/10/22,8:40,8,10,28,VL,1,270,,,,
19/10/22,8:40,11,75,25,VL,1,269,,,,
19/10/22,8:40,14,34,21,VL,1,282,,,,
19/10/22,8:40,17,92,15,VL,1,230,,,,
19/10/22,8:40,20,30,17,VL,1,256,,,,
19/10/22,8:40,23,37,17,VL,1,256,,,,
19/10/22,8:40,25,91,19,VL,1,256,,,,
19/10/22,8:40,36,75,48,VL,1,232,,,,
19/10/22,8:40,52,64,41,VL,1,255,,,,
19/10/22,8:40,57,78,43,2RM,13,127,,,,
19/10/22,8:41,1,21,50,VL,1,269,,,,
19/10/22,8:41,4,90,48,VL,1,271,,,,
19/10/22,8:41,13,31,52,VL,1,244,,,,
19/10/22,8:41,14,88,52,VL,1,257,,,,
19/10/22,8:41,53,55,45,VL,1,256,,,,
19/10/22,8:42,3,50,49,VL,1,371,,,,
19/10/22,8:42,13,6,50,VL,1,255,,,,
19/10/22,8:42,21,3,48,VL,1,230,,,,
19/10/22,8:42,58,91,43,VL,1,257,,,,
19/10/22,8:43,12,46,52,VL,1,270,,,,
19/10/22,8:43,32,39,53,VL,1,244,,,,
19/10/22,8:43,38,55,47,VL,1,242,,,,
19/10/22,8:44,13,32,51,VL,1,281,,,,
19/10/22,8:44,23,16,52,VL,1,231,,,,
19/10/22,8:44,24,78,60,VL,1,271,,,,
19/10/22,8:44,55,53,56,VL,1,270,,,,
19/10/22,8:45,19,48,49,2RM,13,127,,,,
19/10/22,8:45,38,0,42,VL,1,332,,,,
19/10/22,8:45,55,93,51,VL,1,255,,,,
19/10/22,8:46,4,5,57,VL,1,258,,,,
19/10/22,8:47,0,56,50,VL,1,257,,,,
19/10/22,8:47,2,32,51,VL,1,230,,,,
19/10/22,8:47,4,66,45,VL,1,256,,,,
19/10/22,8:47,9,94,48,VL,1,256,,,,
19/10/22,8:47,27,67,47,VL,1,243,,,,
19/10/22,8:47,29,97,44,VL,1,243,,,,
19/10/22,8:47,34,67,42,VL,1,256,,,,
19/10/22,8:47,38,4,42,VL,12,268,255,,,
19/10/22,8:48,21,14,52,VL,1,256,,,,
19/10/22,8:48,25,66,62,VL,1,257,,,,
19/10/22,8:48,44,69,49,VL,1,243,,,,
19/10/22,8:48,50,77,52,VL,1,255,,,,
19/10/22,8:48,57,57,60,VL,1,284,,,,
19/10/22,8:49,4,83,54,VL,1,257,,,,
19/10/22,8:49,23,59,49,VL,1,233,,,,
19/10/22,8:49,25,7,49,VL,1,233,,,,
19/10/22,8:49,26,21,49,VL,1,258,,,,
19/10/22,8:49,30,5,46,VL,1,269,,,,
19/10/22,8:49,31,33,51,VL,1,270,,,,
19/10/22,8:49,33,96,44,VL,1,192,,,,
19/10/22,8:49,42,33,40,VL,12,256,693,153,,
19/10/22,8:49,48,76,38,VL,1,257,,,,
19/10/22,8:49,54,93,39,VL,1,283,,,,
19/10/22,8:49,56,58,39,VL,1,255,,,,
19/10/22,8:49,59,2,43,VL,1,255,,,,
19/10/22,8:50,0,84,41,VL,1,245,,,,
19/10/22,8:50,2,96,40,VL,1,229,,,,
19/10/22,8:50,21,22,25,2RM,13,114,,,,
19/10/22,8:51,13,4,71,2RM,13,142,,,,
19/10/22,8:51,43,63,34,Bus articul�,14,554,697,,,
19/10/22,8:51,46,77,31,VL,1,319,,,,
19/10/22,8:51,49,33,27,VL,1,257,,,,
19/10/22,8:51,50,64,26,VL,1,256,,,,
19/10/22,8:51,53,2,27,VL,1,256,,,,
19/10/22,8:51,55,78,24,VL,1,257,,,,
19/10/22,8:51,58,26,26,VL,1,230,,,,
19/10/22,8:52,0,24,23,VL,1,281,,,,
19/10/22,8:52,2,96,26,VL,1,257,,,,
19/10/22,8:52,5,8,29,VL,1,269,,,,
19/10/22,8:52,7,42,29,VL,1,270,,,,
19/10/22,8:52,8,85,30,VL,1,256,,,,
19/10/22,8:52,13,93,33,VL,1,257,,,,
19/10/22,8:52,15,29,37,VL,1,258,,,,
19/10/22,8:52,28,60,45,VL,1,243,,,,
19/10/22,8:52,48,96,56,VL,1,257,,,,
19/10/22,8:53,2,14,52,VL,1,232,,,,
19/10/22,8:53,34,69,47,VL,1,334,,,,
19/10/22,8:54,7,59,42,VL,1,192,,,,
19/10/22,8:54,19,75,52,VL,1,244,,,,
19/10/22,8:54,37,13,51,VL,1,270,,,,
19/10/22,8:54,41,68,44,VL,1,283,,,,
19/10/22,8:54,43,47,42,VL,1,244,,,,
19/10/22,8:54,45,19,43,VL,1,230,,,,
19/10/22,8:55,8,22,46,VL,1,256,,,,
19/10/22,8:55,10,38,43,VL,1,255,,,,
19/10/22,8:55,18,40,43,VL,1,257,,,,
19/10/22,8:55,20,89,48,VL,1,242,,,,
19/10/22,8:55,23,29,47,VL,1,272,,,,
19/10/22,8:55,28,16,56,VL,1,244,,,,
19/10/22,8:55,36,63,44,VL,1,258,,,,
19/10/22,8:55,41,0,62,VL,1,268,,,,
19/10/22,8:55,45,55,41,VL,1,271,,,,
19/10/22,8:55,48,86,38,VL,1,283,,,,
19/10/22,8:56,4,50,25,V�lo �lectrique,13,102,,,,
19/10/22,8:56,26,99,49,VL,1,232,,,,
19/10/22,8:56,45,21,41,VL,1,231,,,,
19/10/22,8:56,46,76,41,VL,1,257,,,,
19/10/22,8:56,48,46,40,VL,1,283,,,,
19/10/22,8:56,49,69,39,VL,1,281,,,,
19/10/22,8:57,1,76,39,VL,1,269,,,,
19/10/22,8:57,32,60,39,Bus articul�,14,552,682,,,
19/10/22,8:57,47,1,25,VL,1,270,,,,
19/10/22,8:57,48,84,24,VL,1,256,,,,
19/10/22,8:57,50,95,25,VL,1,257,,,,
19/10/22,8:57,53,54,33,VL,1,255,,,,
19/10/22,8:57,55,98,33,VL,12,270,771,128,,
19/10/22,8:57,59,80,40,VL,1,258,,,,
19/10/22,8:58,5,4,43,VL,1,257,,,,
19/10/22,8:58,6,32,44,VL,1,256,,,,
19/10/22,8:58,48,6,45,VL,1,268,,,,
19/10/22,8:59,2,9,49,VL,1,268,,,,
19/10/22,8:59,3,68,49,VL,1,256,,,,
19/10/22,8:59,5,93,52,VL,1,271,,,,
19/10/22,8:59,17,30,46,VL,1,243,,,,
19/10/22,8:59,25,41,38,VL,1,268,,,,
19/10/22,8:59,27,1,36,VL,1,244,,,,
19/10/22,8:59,53,76,44,VL,1,256,,,,
19/10/22,8:59,57,9,47,VL,1,246,,,,
19/10/22,9:0,31,3,52,VL,2,437,,,,
19/10/22,9:0,57,68,33,Bus,2,589,,,,
19/10/22,9:1,9,18,47,VL,1,257,,,,
19/10/22,9:1,34,7,50,VL,1,232,,,,
19/10/22,9:1,38,98,54,VL,1,245,,,,
19/10/22,9:1,42,69,55,VL,1,244,,,,
19/10/22,9:1,57,62,47,VL,1,256,,,,
19/10/22,9:1,59,60,44,VL,1,269,,,,
19/10/22,9:2,3,75,45,VL,1,282,,,,
19/10/22,9:3,3,29,42,VL,1,255,,,,
19/10/22,9:3,5,90,43,VL,1,231,,,,
19/10/22,9:3,8,17,40,VL,1,244,,,,
19/10/22,9:3,13,1,47,VL,1,243,,,,
19/10/22,9:3,19,36,55,VL,1,258,,,,
19/10/22,9:3,48,86,49,VL,1,258,,,,
19/10/22,9:3,56,96,46,VL,1,257,,,,
19/10/22,9:4,17,59,48,VL,1,244,,,,
19/10/22,9:4,44,46,47,VL,1,243,,,,
19/10/22,9:5,48,99,48,VL,1,360,,,,
19/10/22,9:5,51,17,47,VL,1,244,,,,
19/10/22,9:5,53,46,46,VL,1,268,,,,
19/10/22,9:5,55,70,44,VL,1,256,,,,
19/10/22,9:5,57,83,48,VL,1,256,,,,
19/10/22,9:6,13,5,28,V�lo �lectrique,13,102,,,,
19/10/22,9:6,20,73,41,VL,1,257,,,,
19/10/22,9:6,22,24,43,VL,1,242,,,,
19/10/22,9:6,24,40,40,VL,1,243,,,,
19/10/22,9:6,27,24,40,VL,1,256,,,,
19/10/22,9:6,51,53,49,VL,1,230,,,,
19/10/22,9:6,57,37,51,VL,1,245,,,,
19/10/22,9:7,1,49,44,VL,1,268,,,,
19/10/22,9:7,37,7,59,VL,1,229,,,,
19/10/22,9:7,43,82,59,VL,1,334,,,,
19/10/22,9:7,46,3,57,VL,1,285,,,,
19/10/22,9:8,13,49,40,Bus articul�,14,512,678,,,
19/10/22,9:8,24,41,47,VL,1,257,,,,
19/10/22,9:8,29,64,48,VL,1,270,,,,
19/10/22,9:8,41,46,43,VL,1,372,,,,
19/10/22,9:8,45,14,50,VL,1,243,,,,
19/10/22,9:9,22,78,39,VL,1,256,,,,
19/10/22,9:9,38,71,41,VL,1,244,,,,
19/10/22,9:9,58,8,70,VL,1,256,,,,
19/10/22,9:10,4,88,44,VL,1,191,,,,
19/10/22,9:10,7,35,55,VL,1,244,,,,
19/10/22,9:10,23,77,57,VL,1,335,,,,
19/10/22,9:10,28,60,52,VL,1,268,,,,
19/10/22,9:11,22,64,46,VL,1,293,,,,
19/10/22,9:11,24,38,45,VL,1,268,,,,
19/10/22,9:11,29,50,53,VL,1,333,,,,
19/10/22,9:12,2,25,47,VL,1,231,,,,
19/10/22,9:12,17,2,49,VL,1,257,,,,
19/10/22,9:12,18,38,51,VL,1,281,,,,
19/10/22,9:12,26,88,49,VL,1,233,,,,
19/10/22,9:12,31,10,45,VL,1,270,,,,
19/10/22,9:12,50,83,51,2RM,13,140,,,,
19/10/22,9:13,16,82,43,VL,1,257,,,,
19/10/22,9:14,38,80,41,VL,1,256,,,,
19/10/22,9:14,48,28,40,VL,1,306,,,,
19/10/22,9:15,1,1,43,VL,1,259,,,,
19/10/22,9:15,3,93,40,VL,1,258,,,,
19/10/22,9:15,12,33,55,VL,1,244,,,,
19/10/22,9:15,13,84,52,2RM,13,153,,,,
19/10/22,9:15,49,25,44,VL,1,256,,,,
19/10/22,9:15,51,66,39,VL,1,269,,,,
19/10/22,9:16,5,91,33,Bus,2,590,,,,
19/10/22,9:16,9,0,29,VL,1,255,,,,
19/10/22,9:16,13,79,48,VL,1,242,,,,
19/10/22,9:17,36,99,41,Bus articul�,14,539,667,,,
19/10/22,9:17,39,28,42,VL,1,269,,,,
19/10/22,9:17,41,39,44,VL,1,269,,,,
19/10/22,9:17,44,25,42,VL,1,271,,,,
19/10/22,9:17,48,95,39,VL,1,258,,,,
19/10/22,9:18,7,68,51,VL,1,294,,,,
19/10/22,9:18,48,74,51,VL,1,258,,,,
19/10/22,9:19,5,67,59,VL,1,271,,,,
19/10/22,9:19,20,99,20,V�lo �lectrique,13,102,,,,
19/10/22,9:19,29,98,60,VL,1,271,,,,
19/10/22,9:20,54,54,49,VL,1,271,,,,
19/10/22,9:21,24,0,59,VL,1,258,,,,
19/10/22,9:21,28,8,52,VL,1,243,,,,
19/10/22,9:21,51,1,64,VL,1,244,,,,
19/10/22,9:22,27,11,47,VL,1,246,,,,
19/10/22,9:22,28,65,47,VL,1,243,,,,
19/10/22,9:22,35,8,45,VL,1,231,,,,
19/10/22,9:22,36,43,44,VL,1,270,,,,
19/10/22,9:22,38,0,43,VL,1,257,,,,
19/10/22,9:22,39,45,49,VL,1,245,,,,
19/10/22,9:23,30,32,30,VL,1,256,,,,
19/10/22,9:23,45,36,42,VL,1,258,,,,
19/10/22,9:23,51,8,49,VL,1,256,,,,
19/10/22,9:24,20,43,51,VL,1,255,,,,
19/10/22,9:24,45,81,43,VL,1,257,,,,
19/10/22,9:24,48,65,46,VL,1,270,,,,
19/10/22,9:24,56,37,52,VL,1,257,,,,
19/10/22,9:25,35,61,43,VL,1,242,,,,
19/10/22,9:25,38,9,43,VL,1,283,,,,
19/10/22,9:25,49,0,54,VL,1,229,,,,
19/10/22,9:26,8,28,57,VL,1,269,,,,
19/10/22,9:26,11,33,23,V�lo �lectrique,13,102,,,,
19/10/22,9:26,53,73,46,VL,1,269,,,,
19/10/22,9:28,6,10,43,Bus articul�,14,563,706,,,
19/10/22,9:28,8,48,37,VL,1,270,,,,
19/10/22,9:28,11,31,34,VL,1,295,,,,
19/10/22,9:28,15,0,21,VL,1,281,,,,
19/10/22,9:28,22,8,32,VL,1,269,,,,
19/10/22,9:28,26,40,47,VL,1,282,,,,
19/10/22,9:28,54,10,47,VL,1,244,,,,
19/10/22,9:29,21,98,44,VL,1,255,,,,
19/10/22,9:29,23,19,47,VL,1,268,,,,
19/10/22,9:29,30,23,43,VL,1,284,,,,
19/10/22,9:30,11,5,39,VL,1,255,,,,
19/10/22,9:30,25,72,48,VL,1,257,,,,
19/10/22,9:30,34,51,56,VL,1,257,,,,
19/10/22,9:30,38,90,52,VL,1,243,,,,
19/10/22,9:31,34,76,41,VL,1,257,,,,
19/10/22,9:32,5,43,66,VL,1,296,,,,
19/10/22,9:32,14,43,22,V�lo �lectrique,13,102,,,,
19/10/22,9:32,26,12,43,VL,1,271,,,,
19/10/22,9:32,49,6,48,VL,1,244,,,,
19/10/22,9:33,10,28,64,VL,1,258,,,,
19/10/22,9:33,23,66,42,VL,1,269,,,,
19/10/22,9:33,26,69,44,VL,1,281,,,,
19/10/22,9:33,46,18,39,VL,12,281,345,,,
19/10/22,9:33,48,6,38,VL,1,243,,,,
19/10/22,9:33,50,28,39,VL,1,269,,,,
19/10/22,9:33,53,87,38,VL,1,244,,,,
19/10/22,9:33,55,70,39,VL,1,256,,,,
19/10/22,9:34,0,51,51,VL,1,270,,,,
19/10/22,9:34,3,49,48,VL,1,242,,,,
19/10/22,9:34,9,67,47,VL,1,271,,,,
19/10/22,9:34,36,44,42,VL,1,309,,,,
19/10/22,9:34,37,95,39,VL,1,230,,,,
19/10/22,9:34,58,16,39,VL,1,256,,,,
19/10/22,9:34,59,37,37,VL,1,231,,,,
19/10/22,9:35,32,14,35,Bus,2,600,,,,
19/10/22,9:35,39,29,53,VL,1,269,,,,
19/10/22,9:35,58,88,47,VL,1,255,,,,
19/10/22,9:36,1,44,46,VL,1,271,,,,
19/10/22,9:36,24,87,51,VL,1,257,,,,
19/10/22,9:36,32,52,50,VL,1,268,,,,
19/10/22,9:36,34,87,48,VL,1,258,,,,
19/10/22,9:36,38,88,50,VL,1,230,,,,
19/10/22,9:37,16,81,53,VL,1,256,,,,
19/10/22,9:37,48,13,29,VL,1,256,,,,
19/10/22,9:37,51,99,39,Bus articul�,14,552,682,,,
19/10/22,9:37,53,57,33,VL,1,256,,,,
19/10/22,9:38,27,84,58,VL,1,254,,,,
19/10/22,9:38,30,44,52,VL,1,244,,,,
19/10/22,9:38,32,38,50,VL,1,257,,,,
19/10/22,9:38,36,47,61,VL,1,246,,,,
19/10/22,9:40,48,88,39,VL,1,270,,,,
19/10/22,9:40,50,94,37,VL,1,256,,,,
19/10/22,9:41,28,4,53,VL,1,242,,,,
19/10/22,9:41,31,35,50,VL,1,229,,,,
19/10/22,9:41,33,27,54,VL,1,268,,,,
19/10/22,9:42,32,5,44,VL,1,268,,,,
19/10/22,9:42,35,78,45,VL,1,257,,,,
19/10/22,9:43,38,15,53,VL,1,269,,,,
19/10/22,9:44,43,67,53,VL,1,270,,,,
19/10/22,9:45,0,5,53,VL,1,255,,,,
19/10/22,9:45,47,83,48,VL,1,244,,,,
19/10/22,9:45,49,91,49,VL,1,283,,,,
19/10/22,9:45,58,13,46,VL,1,255,,,,
19/10/22,9:46,59,84,44,VL,1,192,,,,
19/10/22,9:47,1,8,42,VL,1,269,,,,
19/10/22,9:47,3,14,39,VL,1,244,,,,
19/10/22,9:47,5,43,42,VL,1,245,,,,
19/10/22,9:47,31,99,55,VL,1,256,,,,
19/10/22,9:47,37,61,60,VL,1,370,,,,
19/10/22,9:47,48,6,35,VL,1,270,,,,
19/10/22,9:48,16,1,55,VL,1,271,,,,
19/10/22,9:48,20,80,49,VL,1,257,,,,
19/10/22,9:48,22,47,45,VL,1,257,,,,
19/10/22,9:48,28,21,38,Bus articul�,14,567,696,,,
19/10/22,9:48,30,74,32,VL,1,282,,,,
19/10/22,9:48,32,0,35,VL,1,255,,,,
19/10/22,9:50,2,24,55,VL,1,259,,,,
19/10/22,9:50,40,60,42,2RM,13,128,,,,
19/10/22,9:50,42,88,49,VL,1,243,,,,
19/10/22,9:51,0,81,45,VL,1,256,,,,
19/10/22,9:52,21,78,54,VL,1,268,,,,
19/10/22,9:52,29,20,51,VL,1,257,,,,
19/10/22,9:53,16,30,50,VL,1,269,,,,
19/10/22,9:53,20,46,51,VL,1,281,,,,
19/10/22,9:53,42,45,51,VL,1,244,,,,
19/10/22,9:53,49,25,34,VL,2,448,,,,
19/10/22,9:53,58,19,49,VL,1,271,,,,
19/10/22,9:56,11,83,45,VL,12,268,332,,,
19/10/22,9:56,17,11,68,VL,1,269,,,,
19/10/22,9:56,24,33,49,VL,1,258,,,,
19/10/22,9:56,27,14,46,VL,1,282,,,,
19/10/22,9:56,28,73,46,VL,1,282,,,,
19/10/22,9:56,40,68,34,Bus articul�,14,538,666,,,
19/10/22,9:56,50,22,37,PL,7,373,722,129,,
19/10/22,9:56,53,77,46,VL,1,257,,,,
19/10/22,9:56,56,96,43,VL,1,245,,,,
19/10/22,9:57,0,44,43,VL,1,256,,,,
19/10/22,9:57,6,13,32,VL,1,270,,,,
19/10/22,9:57,50,60,43,VL,1,309,,,,
19/10/22,9:58,26,43,57,VL,1,270,,,,
19/10/22,9:58,31,47,48,VL,1,257,,,,
19/10/22,9:58,33,66,46,VL,1,335,,,,
19/10/22,9:58,54,18,38,Bus,2,620,,,,
19/10/22,9:59,0,49,30,VL,1,322,,,,
19/10/22,9:59,10,77,44,VL,1,256,,,,
19/10/22,9:59,50,16,52,VL,1,257,,,,
19/10/22,10:0,38,30,47,VL,1,244,,,,
19/10/22,10:0,40,31,48,VL,1,258,,,,
19/10/22,10:0,48,11,45,VL,1,257,,,,
19/10/22,10:1,13,52,46,VL,1,243,,,,
19/10/22,10:2,24,49,56,VL,1,271,,,,
19/10/22,10:2,28,44,73,VL,1,269,,,,
19/10/22,10:2,43,56,66,VL,1,270,,,,
19/10/22,10:4,7,17,47,VL,1,257,,,,
19/10/22,10:4,38,7,44,VL,1,243,,,,
19/10/22,10:4,47,77,45,VL,1,359,,,,
19/10/22,10:5,11,63,43,VL,1,231,,,,
19/10/22,10:5,29,59,48,VL,1,256,,,,
19/10/22,10:5,37,37,40,VL,1,243,,,,
19/10/22,10:5,46,89,53,PL,7,297,605,64,,
19/10/22,10:5,48,1,53,2RM,13,154,,,,
19/10/22,10:5,53,48,47,VL,1,257,,,,
19/10/22,10:6,50,11,38,VL,12,270,270,,,
19/10/22,10:6,51,22,38,VL,1,282,,,,
19/10/22,10:7,27,63,46,VL,1,271,,,,
19/10/22,10:7,30,53,51,VL,1,257,,,,
19/10/22,10:7,34,91,48,VL,1,269,,,,
19/10/22,10:7,46,92,45,VL,1,245,,,,
19/10/22,10:7,56,42,37,VL,1,269,,,,
19/10/22,10:8,22,88,45,VL,1,192,,,,
19/10/22,10:8,37,30,47,VL,1,244,,,,
19/10/22,10:8,39,81,56,VL,1,258,,,,
19/10/22,10:8,55,0,27,V�lo �lectrique,13,103,,,,
19/10/22,10:9,0,36,37,VL,1,269,,,,
19/10/22,10:9,3,72,40,VL,1,255,,,,
19/10/22,10:9,5,88,40,VL,1,270,,,,
19/10/22,10:9,26,13,44,VL,1,256,,,,
19/10/22,10:9,52,1,40,VL,1,268,,,,
19/10/22,10:10,37,13,32,2RM,13,127,,,,
19/10/22,10:10,46,98,48,VL,1,244,,,,
19/10/22,10:10,54,41,35,Bus articul�,14,541,670,,,
19/10/22,10:11,12,13,33,VL,1,257,,,,
19/10/22,10:11,13,72,33,VL,1,257,,,,
19/10/22,10:11,15,2,34,VL,1,230,,,,
19/10/22,10:11,16,55,37,VL,1,308,,,,
19/10/22,10:11,18,63,36,VL,1,281,,,,
19/10/22,10:11,23,34,48,VL,1,270,,,,
19/10/22,10:11,27,78,37,VL,1,231,,,,
19/10/22,10:11,44,23,54,VL,1,257,,,,
19/10/22,10:12,7,33,47,VL,1,281,,,,
19/10/22,10:12,9,59,43,VL,1,256,,,,
19/10/22,10:12,10,53,45,VL,1,270,,,,
19/10/22,10:12,20,17,27,VL,1,230,,,,
19/10/22,10:12,23,55,30,VL,1,257,,,,
19/10/22,10:12,34,92,26,V�lo �lectrique,13,102,,,,
19/10/22,10:12,38,86,46,VL,1,268,,,,
19/10/22,10:13,6,32,45,VL,1,256,,,,
19/10/22,10:13,8,43,43,VL,1,255,,,,
19/10/22,10:13,14,6,47,VL,1,231,,,,
19/10/22,10:13,15,60,46,VL,1,258,,,,
19/10/22,10:13,28,23,50,VL,1,243,,,,
19/10/22,10:14,18,37,54,VL,1,245,,,,
19/10/22,10:14,21,7,49,VL,1,244,,,,
19/10/22,10:14,30,6,49,VL,1,270,,,,
19/10/22,10:14,43,92,43,VL,1,269,,,,
19/10/22,10:15,3,86,44,VL,1,242,,,,
19/10/22,10:15,6,75,43,VL,1,255,,,,
19/10/22,10:15,8,78,48,VL,1,244,,,,
19/10/22,10:15,41,42,48,VL,1,244,,,,
19/10/22,10:16,3,19,23,V�lo �lectrique,13,102,,,,
19/10/22,10:16,5,19,44,VL,1,191,,,,
19/10/22,10:16,6,8,44,VL,1,191,,,,
19/10/22,10:16,8,24,24,VL,1,256,,,,
19/10/22,10:16,10,45,31,2RM,13,140,,,,
19/10/22,10:16,12,47,26,VL,1,256,,,,
19/10/22,10:16,14,54,29,VL,1,256,,,,
19/10/22,10:16,20,80,41,VL,1,231,,,,
19/10/22,10:16,22,12,41,VL,1,256,,,,
19/10/22,10:16,24,61,38,2RM,13,141,,,,
19/10/22,10:16,42,10,53,VL,1,231,,,,
19/10/22,10:17,8,34,41,VL,1,308,,,,
19/10/22,10:17,22,15,46,VL,1,270,,,,
19/10/22,10:17,26,14,49,VL,1,231,,,,
19/10/22,10:17,34,78,52,VL,1,257,,,,
19/10/22,10:17,36,9,51,VL,1,257,,,,
19/10/22,10:17,39,70,49,VL,1,256,,,,
19/10/22,10:17,48,86,42,VL,1,256,,,,
19/10/22,10:18,2,50,53,VL,1,270,,,,
19/10/22,10:18,14,96,53,VL,1,270,,,,
19/10/22,10:18,32,60,22,Trottinette,13,89,,,,
19/10/22,10:18,52,71,43,VL,1,244,,,,
19/10/22,10:18,58,91,44,VL,1,243,,,,
19/10/22,10:19,11,8,38,VL,1,258,,,,
19/10/22,10:20,36,21,42,Bus articul�,14,541,683,,,
19/10/22,10:20,48,34,41,VL,1,256,,,,
19/10/22,10:20,50,38,43,VL,1,294,,,,
19/10/22,10:20,53,9,44,VL,1,191,,,,
19/10/22,10:21,2,60,47,VL,1,268,,,,
19/10/22,10:21,5,3,39,VL,1,270,,,,
19/10/22,10:21,24,68,33,VL,1,269,,,,
19/10/22,10:21,26,85,28,VL,1,255,,,,
19/10/22,10:21,33,11,50,VL,1,281,,,,
19/10/22,10:21,42,19,47,VL,1,243,,,,
19/10/22,10:22,27,14,48,VL,1,310,,,,
19/10/22,10:22,31,63,49,VL,1,257,,,,
19/10/22,10:23,27,98,90,PL,14,2843,221,,,
19/10/22,10:23,49,66,59,VL,1,245,,,,
19/10/22,10:24,6,99,51,VL,1,281,,,,
19/10/22,10:24,24,59,43,VL,1,242,,,,
